Date,Headline,Subjectivity,Polarity,Compound,Negative,Neutral,Positive
2020-12-11,Walmart Prepares to Spearhead Vaccine Distribution,0.0,0.0,0.0,0.0,1.0,0.0
2020-12-11,Asda paid £1bn dividend to Walmart 7 months before sale announced,0.0,0.0,0.0,0.0,1.0,0.0
2020-12-11,Plug Power Finds Real Chemistry With Wall Street,0.30000000000000004,0.2,0.0,0.0,1.0,0.0
2020-12-11,7 Earnings Reports to Watch Next Week,0.0,0.0,0.0,0.0,1.0,0.0
2020-12-11,Walmart received £1.1bn Asda dividend weeks before UK lockdown,0.0,0.0,0.0,0.0,1.0,0.0
2020-12-11,"The Zacks Analyst Blog Highlights: Apple, NIKE, Salesforce, Microsoft and Walmart",0.0,0.0,0.0,0.0,1.0,0.0
2020-12-11,Walmart Preparing Its Pharmacies To Administer Covid-19 Vaccine ,0.0,0.0,0.0,0.0,1.0,0.0
2020-12-11,Walmart mobilizes to help in vaccination distribution,0.0,0.0,0.4019,0.0,0.69,0.31
2020-12-10,Coalition Of CEOs Pledge 1 Mln Jobs For Black Americans ,0.43333333333333335,-0.16666666666666666,0.0,0.0,1.0,0.0
2020-12-10,7 Equity Crowdfunding Offerings to Buy This Week,0.0,0.0,0.0,0.0,1.0,0.0
2020-12-09,The Bear Case Continues to Widen for Plug Power,0.0,0.0,0.0,0.0,1.0,0.0
2020-12-07,Federal judge shuts down TikTok ban in win for ByteDance,0.34444444444444444,0.32222222222222224,0.0516,0.234,0.519,0.247
2020-12-07,"Dow Jones Sinks as Boeing Stock Upgraded, Walmart Considers Flipkart IPO",0.0,-0.1,0.0,0.0,1.0,0.0
2020-12-07,3 Top Stock Trades for the Week,0.5,0.5,0.2023,0.0,0.735,0.265
2020-12-07,Where the Hypergrowth Stock Picks in E-Commerce Are Hiding,0.0,0.0,-0.296,0.216,0.784,0.0
2020-12-07,Walmart Planning Flipkart IPO? 10 Things We Know About the Indian E-Commerce Biz,0.0,0.0,0.0,0.0,1.0,0.0
2020-12-07,Walmart said to be exploring Flipkart IPO,0.0,0.0,0.0,0.0,1.0,0.0
2020-12-07,Amazon Will Continue to Dominate in a Post-Pandemic World,0.0,0.0,0.0516,0.163,0.652,0.185
2020-12-04,"Walmart (WMT) Offers Bonuses, Supports Workers Amid Pandemic",0.0,0.1,0.7269,0.0,0.496,0.504
2020-12-04,Don’t Underestimate the Impact of Diem on Facebook Stock,0.0,0.0,-0.296,0.216,0.784,0.0
2020-12-04,These Two Big Risks in Plug Power Stock Could Zap You,0.1,0.0,-0.2732,0.174,0.826,0.0
2020-12-03,Walmart to Pay Out $700 Million in Bonuses to Employees,0.0,0.0,0.4939,0.108,0.615,0.277
2020-12-03,"Zacks Earnings Trends Highlights: Target, Walmart, Home Depot and Lowe's",0.0,0.0,0.0,0.0,1.0,0.0
2020-12-03,Walmart To Pay Additional $700 Mln Cash Bonuses To U.S. Associates ,0.0,0.0,0.4939,0.1,0.643,0.257
2020-12-03,Walmart to give 4th round of bonuses to workers since virus,0.4,-0.2,0.5574,0.0,0.735,0.265
2020-12-03,"Walmart (WMT) Boosts Walmart+ Program, Removes Shipping Minimum",0.0,0.0,0.3182,0.0,0.753,0.247
2020-12-03,Walmart to pay out an additional $700 million in bonuses to U.S. employees,0.0,0.0,0.4939,0.087,0.688,0.225
2020-12-03,Here's An Undeniable Advantage Amazon Has Over Walmart,0.0,0.0,0.4019,0.0,0.619,0.381
2020-12-03,New funding has Walmart's Flipkart partially spin off PhonePe,0.37727272727272726,0.018181818181818174,0.0,0.0,1.0,0.0
2020-12-02,"Dow Jones Barely Changed as Salesforce Stock Tumbles on Slack Acquisition, Walmart Takes a Shot at Amazon Prime",0.1,0.05,0.1779,0.0,0.904,0.096
2020-12-02,Walmart+ takes on Prime by dropping $35 minimum on Walmart.com purchases,0.0,0.0,0.0,0.0,1.0,0.0
2020-12-02,Walmart Challenges Amazon Prime With No-Minimum Free Shipping,0.8,0.4,0.6486,0.0,0.442,0.558
2020-12-02,Walmart will remove $35 minimum on online orders for its members,0.0,0.0,0.0,0.0,1.0,0.0
2020-12-02,Walmart drops $35 minimum for its members' online orders,0.0,0.0,0.0,0.0,1.0,0.0
2020-12-02,Walmart Removes 'shipping Minimum' For Walmart+ Members' Online Orders ,0.0,0.0,0.0,0.0,1.0,0.0
2020-12-01,Retail Stocks Outlook: What the Black Friday and Cyber Monday Records Tell Us,0.43333333333333335,-0.16666666666666666,0.0,0.0,1.0,0.0
2020-12-01,"Take Profits Now, Because Plug Power Stock Has a Dip Coming",0.0,0.0,0.4404,0.0,0.756,0.244
2020-11-30,C&S Group Enterprises LLC -- Moody's assigns Ba3 CFR to C&S; B2 to new notes,0.45454545454545453,0.13636363636363635,0.0,0.0,1.0,0.0
2020-11-30,Dick’s Sporting Goods: The Prize for Survival,0.0,0.0,0.5106,0.0,0.645,0.355
2020-11-30,7 Stocks to Sell for Christmas Giving,0.0,0.0,0.34,0.0,0.676,0.324
2020-11-30,Holiday spending expected to be strong even as consumers shrug off Black Friday,0.5222222222222223,0.05555555555555553,0.7184,0.0,0.647,0.353
2020-11-30,Cyber Monday - Deals And Discounts ,0.0,0.0,0.0,0.0,1.0,0.0
2020-11-29,"The Grinch Bots That Stole Christmas, Walmart Accused Of Allowing Them",0.0,0.0,-0.296,0.18,0.82,0.0
2020-11-28,Black Friday 2020: The best Walmart deals this Saturday,0.3666666666666667,0.4166666666666667,0.6369,0.0,0.656,0.344
2020-11-27,Walmart says Cyber Monday sale will have its 'biggest and best Cyber Monday savings to date',0.3,1.0,0.6369,0.0,0.781,0.219
2020-11-27,Black Friday Deals Pit Walmart And Best Buy Against Amazon,0.3666666666666667,0.4166666666666667,0.7096,0.0,0.576,0.424
2020-11-26,"Black Friday shoppers camped out outside GameStop stores for PlayStation 5, Xbox Series X consoles",0.24166666666666667,-0.08333333333333333,0.0,0.0,1.0,0.0
2020-11-26,"Black Friday 2020: Shopping or picking up orders? Here's when Macy's, Walmart, Kohl's, Target, other stores open.",0.4361111111111111,-0.09722222222222221,0.0,0.0,1.0,0.0
2020-11-25,"What stores are closed Thanksgiving 2020? Target, Walmart, Kohl's among major retailers closed amid coronavirus",0.2333333333333333,-0.04583333333333334,0.0,0.0,1.0,0.0
2020-11-25,Cowen stares into at-home stocks (and Internet enablers) to find permanent winners,0.0,0.0,0.4767,0.0,0.78,0.22
2020-11-25,Personal Finance Daily: Thanksgiving is increasingly bleak for many food pantries this year and the best Black Friday deals at Walmart ,0.4222222222222222,0.05555555555555556,0.6369,0.0,0.826,0.174
2020-11-25,TikTok wins weeklong extension of its forced-sale deadline,0.2,0.3,0.5719,0.0,0.654,0.346
2020-11-25,What to buy? E-commerce sales expected to soar on Black Friday,0.4166666666666667,-0.13333333333333333,0.0,0.0,1.0,0.0
2020-11-25,3 EV Stocks to Buy as the Sector Charges Up,0.0,0.0,-0.2732,0.208,0.792,0.0
2020-11-25,Walmart to Participate in the Morgan Stanley Virtual Global Consumer & Retail Conference,0.0,0.0,0.0,0.0,1.0,0.0
2020-11-25,Walmart To Make Online Shopping Easier For Gift Givers ,0.0,0.0,0.8126,0.0,0.417,0.583
2020-11-24,"The best Black Friday deals to shop from Walmart, The Home Depot and more",0.41111111111111115,0.4444444444444445,0.6369,0.0,0.756,0.244
2020-11-24,Walmart Stock Performance Has Doubled That of the S&P 500 Since Doing This One Thing,0.0,0.0,0.0,0.0,1.0,0.0
2020-11-23,Don't count on finding toilet paper on your next run to Target or Walmart: COVID-19 panic buying is on a roll again,0.0,-0.016666666666666666,-0.5106,0.142,0.858,0.0
2020-11-23,Game console hunters have bigger Black Friday challenge: Finding a PlayStation or Xbox in stock,0.4444444444444445,-0.18888888888888888,0.0772,0.0,0.909,0.091
2020-11-23,Dow Jones Soars on More Vaccine News; Walmart and Apple Stocks Sink,0.5,0.5,0.0,0.0,1.0,0.0
2020-11-23,7 Upcoming IPOs to Watch Heading Into 2021,0.0,0.0,0.0,0.0,1.0,0.0
2020-11-23,4 Major Retail Stocks vs. The Pandemic,0.5,0.0625,0.0,0.0,1.0,0.0
2020-11-23,Online grocery sales to grow ~53% in 2020 amid pandemic,0.0,0.0,0.0,0.0,1.0,0.0
2020-11-23,Black Friday cheer: Holiday sales forecast to rise 3.6% to 5.2%,0.43333333333333335,-0.16666666666666666,0.7184,0.0,0.6,0.4
2020-11-23,NerdWallet: The best Black Friday deals at Walmart this year,0.3666666666666667,0.4166666666666667,0.6369,0.0,0.682,0.318
2020-11-22,Is Walmart Stock a Buy?,0.0,0.0,0.0,0.0,1.0,0.0
2020-11-21,"Black Friday 2020 store hours: When Walmart, Target, Best Buy and others open their doors Friday amid COVID-19",0.41111111111111115,0.2777777777777778,0.6369,0.0,0.802,0.198
2020-11-21,"Walmart, Target, Best Buy are closed Thanksgiving amid COVID-19, while CVS and Walgreens are open. See the list.",0.3,0.3,0.6369,0.0,0.802,0.198
2020-11-20,Walmart Black Friday 2020 update: Here's when PlayStation 5 and Xbox Series X consoles go on sale Wednesday,0.43333333333333335,-0.16666666666666666,0.0,0.0,1.0,0.0
2020-11-20,Walmart is buying JoyRun assets to add ‘peer-to-peer’ product delivery,0.0,0.0,0.1779,0.0,0.841,0.159
2020-11-20,Slowing Retail Sales Could Lead to a Channel,0.0,0.0,0.0,0.0,1.0,0.0
2020-11-20,Walmart Investors Are Missing the Growth Story,0.05,-0.2,0.1027,0.224,0.51,0.265
2020-11-20,Holiday season online shopping traffic increases 82% in the first week of November,0.3333333333333333,0.25,0.4019,0.0,0.816,0.184
2020-11-19,"Call it Heresy, But It’s Time to Sell Costco",0.0,0.0,0.0,0.0,1.0,0.0
2020-11-19,Affirm IPO: 13 Things for Potential AFRM Stock Investors to Know,1.0,0.0,0.0,0.0,1.0,0.0
2020-11-19,"Walmart delivering live Christmas trees, installing lights in a different holiday season amid COVID-19",0.55,0.06818181818181818,0.4019,0.0,0.816,0.184
2020-11-19,9 Retail Stocks That Could Warm You By the Fire — Or Burn Your Returns,0.6,0.6,-0.128,0.157,0.719,0.124
2020-11-19,Walmart Snags 16% Higher Profits in Q3,0.5,0.25,0.4404,0.0,0.674,0.326
2020-11-19,Dow Jones Struggles as Coca-Cola Loses Tax Case; Walmart Stock Lifted After Target Earnings,0.1,-0.3,-0.5859,0.286,0.714,0.0
2020-11-19,"The Zacks Analyst Blog Highlights: Walmart, AstraZeneca, HSBC Holdings, Exxon Mobil and Altria Group",0.0,0.0,0.0,0.0,1.0,0.0
2020-11-19,"Zacks Earnings Trends Highlights: Amazon, Target, Walmart, Home Depot and Lowe's",0.0,0.0,0.1779,0.0,0.855,0.145
2020-11-18,"Walmart, Partners Offer Free Thanksgiving Dinner For All ",0.8,0.4,0.5106,0.0,0.68,0.32
2020-11-18,"Top Analyst Reports for Walmart, AstraZeneca & HSBC",0.5,0.5,0.2023,0.0,0.769,0.231
2020-11-18,"Why Are Target, Costco, and Walmart Blowing the Market Away?",0.0,0.0,0.0,0.0,1.0,0.0
2020-11-18,Shopify Is Still Not Cheap Enough for Value Investors,0.6,-0.1,0.34,0.0,0.769,0.231
2020-11-18,Nuggets from Walmart's earnings call point to new growth channels,0.45454545454545453,0.13636363636363635,0.3818,0.0,0.776,0.224
2020-11-18,The Ratings Game: Walmart says shoppers are making fewer trips but spending more on bigger baskets,0.4666666666666666,0.033333333333333326,0.0,0.0,1.0,0.0
2020-11-18,Walmart Q3 Results Put These ETFs in Focus,0.0,0.0,0.0,0.0,1.0,0.0
2020-11-18,7 of the Best Stocks to Buy as We Head Into the Holidays,0.3,1.0,0.7783,0.0,0.595,0.405
2020-11-18,"This Holiday, Walmart Has More Than Double The Personal Shoppers Vs. Last Year ",0.21666666666666667,0.125,0.4019,0.0,0.816,0.184
2020-11-17,Is Best Buy Stock a Better Buy Than Walmart and Target?,0.4,0.75,0.7964,0.0,0.53,0.47
2020-11-17,"Another booming quarter for Walmart, but sales are slowing",0.0,0.0,0.0,0.0,1.0,0.0
2020-11-17,Walmart Earnings Beat As E-Commerce Soars But Stock Reverses As Amazon Makes Key Move,1.0,0.0,0.1779,0.0,0.884,0.116
2020-11-17,Dow Jones Sinks Despite Strong Earnings From Walmart and Home Depot,0.36666666666666664,0.16666666666666663,-0.4023,0.213,0.787,0.0
2020-11-17,"Walmart Beats Wall Street Forecasts on Strong Q3 Comps, Soaring E-Commerce",0.7333333333333333,0.4333333333333333,0.5106,0.0,0.752,0.248
2020-11-17,"Economic Metrics Slimmer, Walmart (WMT) Beats Estimates",0.2,0.2,0.0,0.0,1.0,0.0
2020-11-17,Key Words: Walmart CEO congratulates President-elect Biden during earnings call,1.0,0.0,0.0,0.0,1.0,0.0
2020-11-17,Walmart (WMT) Q3 Earnings Beat Estimates on Robust Demand,0.0,0.0,0.2263,0.138,0.642,0.22
2020-11-17,The Bull Case for Plug Power Still Has Energy,0.0,0.0,0.2732,0.0,0.792,0.208
2020-11-17,"'Another strong quarter': Walmart adapts to the pandemic, and its sales and profits surge",0.7333333333333333,0.4333333333333333,0.7351,0.0,0.659,0.341
2020-11-17,"Impressive Earnings From Walmart, Home Depot, Apparently Not Impressive Enough To Lift Market",0.8333333333333334,0.16666666666666666,0.765,0.0,0.625,0.375
2020-11-17,Walmart and Home Depot extend pandemic winning streaks,0.75,0.5,0.6249,0.0,0.541,0.459
2020-11-17,A Wrecked Hertz Stock Is Stuck in the Bankruptcy Lane and Can’t Pull Out,0.0,0.0,-0.25,0.143,0.857,0.0
2020-11-17,"The Zacks Analyst Blog Highlights: Walmart, Home Depot, Lowe's and Target",0.0,0.0,0.0,0.0,1.0,0.0
2020-11-17,"It’s Been a Great Run, but Now’s the Time to Take Profits in Walmart Stock",0.75,0.8,0.7506,0.0,0.652,0.348
2020-11-17,Walmart (WMT) Surpasses Q3 Earnings and Revenue Estimates,0.0,0.0,0.0,0.0,1.0,0.0
2020-11-17,Walmart grows stronger in pandemic; quarterly hit $133.75B,0.0,0.0,0.3818,0.0,0.729,0.271
2020-11-17,Walmart Q3 Profit Tops Estimates; Walmart U.S. ECommerce Sales Up 79% ,0.0,0.0,0.7351,0.0,0.592,0.408
2020-11-17,"Walmart shares rise after earnings beat, e-commerce sales soar 79%",0.0,0.0,0.296,0.0,0.804,0.196
2020-11-17,Walmart Inc. Q3 adjusted earnings Beat Estimates,0.0,0.0,0.0,0.0,1.0,0.0
2020-11-17,Walmart U.S. Q3 comp sales grew 6.4% and Walmart U.S. eCommerce sales grew 79%,0.0,0.0,0.0,0.0,1.0,0.0
2020-11-17,Walmart gains after U.S. comparables top expectations,0.5,0.5,0.4939,0.0,0.543,0.457
2020-11-17,"Walmart EPS beats by $0.15, beats on revenue",0.0,0.0,0.0,0.0,1.0,0.0
2020-11-17,Amazon makes waves with launch of pharmacy business,0.0,0.0,0.1779,0.0,0.805,0.195
2020-11-16,"Walmart to sell 85% of Seiyu to KKR, Rakuten",0.0,0.0,0.0,0.0,1.0,0.0
2020-11-16,7 Hot Stocks for Post-Election Investing in Biden’s America,0.8500000000000001,0.25,0.0,0.0,1.0,0.0
2020-11-16,Walmart Sells Its Japanese Supermarket Stake for $1.6 Billion,0.0,0.0,0.0,0.0,1.0,0.0
2020-11-16,Earnings Preview: What To Expect From Walmart On Tuesday,0.0,0.0,0.0,0.0,1.0,0.0
2020-11-16,Is Alibaba Stock a Buy after Record Singles Day Event?,0.0,0.0,0.0,0.0,1.0,0.0
2020-11-16,Walmart Q3 2021 Earnings Preview,0.0,0.0,0.0,0.0,1.0,0.0
2020-11-16,Walmart Stock To Trade Higher On Likely Strong Fiscal Q3 Results?,0.7444444444444445,0.22777777777777777,0.5106,0.0,0.752,0.248
2020-11-16,Notable earnings before Tuesday's open,0.5,0.25,0.0,0.0,1.0,0.0
2020-11-16,Here's How Walmart Is Holding Black Friday Sales With COVID-19 Cases Rising,0.43333333333333335,-0.16666666666666666,0.0,0.0,1.0,0.0
2020-11-16,Better Buy: Amazon vs. Walmart,0.5,0.5,0.5574,0.0,0.395,0.605
2020-11-16,"Walmart, Target, Home Depot, Macy's and Kohl's are part of Zacks Earnings Preview",0.0,0.0,0.0,0.0,1.0,0.0
2020-11-16,Michelle Gass Is the Best Reason to Bet on a Comeback for Kohl’s Stock,0.3,1.0,0.6369,0.0,0.741,0.259
2020-11-16,Walmart nearly exits Japan with Seiyu sale,0.4,0.1,0.0,0.0,1.0,0.0
2020-11-16,Walmart sells majority stake in Japanese Seiyu supermarket,0.0,0.0,0.0,0.0,1.0,0.0
2020-11-15,"Walmart releases Black Friday ad with PlayStation 5, Xbox Series X listed as online-only amid COVID-19",0.43333333333333335,-0.16666666666666666,0.0,0.0,1.0,0.0
2020-11-15,"Walmart To Sell Major Stakes In Japan's Seiyu To KKR, Rakuten ",0.5,0.0625,0.0,0.0,1.0,0.0
2020-11-15,"Mattel releases new Barbie Extra line at Walmart, Target and Amazon in time for holiday shopping",0.2772727272727273,0.06818181818181818,0.5267,0.0,0.761,0.239
2020-11-15,Walmart sells majority stake in Japanese supermarket chain,0.0,0.0,0.0,0.0,1.0,0.0
2020-11-15,"KKR, Rakuten seek to invest in Walmart-owned Japanese supermarket chain - Nikkei",0.0,0.0,0.0,0.0,1.0,0.0
2020-11-14,Earnings Outlook: Walmart earnings preview: As many as 19 million households may already be Walmart+ members,0.5,0.5,0.0,0.0,1.0,0.0
2020-11-14,Walmart Earnings: The Trends to Watch,0.0,0.0,0.0,0.0,1.0,0.0
2020-11-13,"4 Top Stock Trades for Monday: NIO, WMT, DIS, JD",0.5,0.5,0.2023,0.0,0.816,0.184
2020-11-13,Seeking Alpha Catalyst Watch,0.0,0.0,0.0,0.0,1.0,0.0
2020-11-13,"Walmart extends store hours after cutting them amid COVID-19, weekly senior hour continues",0.9,-0.6,0.0,0.107,0.786,0.107
2020-11-13,Gap Seeks Reinvention Amid Its Retreat,0.0,0.0,0.2023,0.0,0.735,0.265
2020-11-13,Plug Power’s Push to $30 Warrants More Attention,0.5,0.5,0.0,0.0,1.0,0.0
2020-11-13,How Amazon Is Becoming Walmart,0.8500000000000001,0.45,0.1779,0.0,0.702,0.298
2020-11-13,"TikTok wins 15-day extension on forced sale, amid silence from White House",0.13333333333333333,-1.850371707708594e-17,0.1779,0.18,0.599,0.222
2020-11-13,Walmart (WMT) to Post Q3 Earnings: Online to Remain a Driver,0.0,0.0,0.0,0.0,1.0,0.0
2020-11-13,This Is What a Comcast-Walmart TV Partnership Would Really Be About,0.2,0.2,0.0,0.0,1.0,0.0
2020-11-13,"Forget Walmart, Costco Is a Better Retail Stock",0.5,0.5,0.25,0.194,0.51,0.296
2020-11-12,"Walmart website sees massive traffic, experiences 'intermittent slowness' after PlayStation 5 goes on sale",1.0,0.0,0.0,0.0,1.0,0.0
2020-11-12,"Amazon, Walmart see online grocery shopping with food stamps surge amid coronavirus, reports say",0.0,0.0,0.1779,0.0,0.884,0.116
2020-11-12,Buy Walmart Stock for Growth and Safety Before Q3 Earnings?,0.0,0.0,0.6597,0.0,0.597,0.403
2020-11-12,Walmart Adds a Fresh Service Lineup for Customers' Four-Footed Friends,0.5,0.3,0.6597,0.0,0.565,0.435
2020-11-12,Sony Stock: Today’s PlayStation 5 Launch and 2 Other Investing Takeaways,0.375,-0.125,0.0,0.0,1.0,0.0
2020-11-12,Dow Jones Slumps as Virus Cases Soar; Walmart Bets on Pets; Nike Stock Down Despite Analyst Optimism,0.2888888888888889,-0.15555555555555559,-0.431,0.151,0.849,0.0
2020-11-12,"Greene Concepts, Inc. Initiates Sales of its ""BE WATER"" Artesian Spring Water Brand Through Walmart, the World's Largest Retailer, and to Walmart's 265 Million Customer Base",0.95,0.04999999999999999,0.0,0.0,1.0,0.0
2020-11-12,7 Retail Stocks That Will Benefit From 2020’s Holiday Shopping Season,0.0,0.0,0.6908,0.0,0.584,0.416
2020-11-12,Ulta Beauty Hits the Bull’s-Eye With Its Target Deal,0.0,0.0,0.5859,0.0,0.678,0.322
2020-11-12,Walmart Launches New Pet Care Services - Quick Facts ,0.4772727272727273,0.23484848484848483,0.4939,0.0,0.686,0.314
2020-11-12,Walmart adds dog walking and pet sitting to expanded pet services offering,0.0,0.0,0.0,0.0,1.0,0.0
2020-11-12,Best Buy Stock Should Be on Investors’ Black November Shopping List,0.3666666666666667,0.4166666666666667,0.6369,0.0,0.704,0.296
2020-11-12,Deadline looms for TikTok to offload its U.S. operations,0.0,0.0,-0.1531,0.167,0.833,0.0
2020-11-11,3 Low-Beta Stocks to Buy to Reduce Volatility,0.0,0.0,0.0,0.0,1.0,0.0
2020-11-11,"The Turnaround Plan Is On For Bed, Bath & Beyond",0.0,0.0,0.0,0.0,1.0,0.0
2020-11-11,Walmart (WMT) Ups Delivery Game Again With Cruise Alliance ,0.4,-0.4,0.0,0.0,1.0,0.0
2020-11-11,Nutra Pharma Announces Nyloxin Now Available on the Walmart Marketplace,0.4,0.4,0.0,0.0,1.0,0.0
2020-11-10,Strong Earnings Underscore Why Plug Power Stock Is a Long-Term Winner,0.7333333333333333,0.4333333333333333,0.7964,0.0,0.53,0.47
2020-11-10,"Walmart recall: Tanimura & Antle romaine lettuce recalled from more than 1,000 Walmart stores over E. coli risk",0.5,0.5,-0.2732,0.116,0.884,0.0
2020-11-10,Walmart Teams Up With GM's Cruise on Self-Driving Deliveries,0.0,0.0,0.0,0.0,1.0,0.0
2020-11-10,Walmart (WMT) Earnings Expected to Grow: What to Know Ahead of Next Week's Release,0.2,-0.05,0.0,0.0,1.0,0.0
2020-11-10,Driverless delivery to be tested by Walmart and Cruise,0.0,0.0,0.0,0.0,1.0,0.0
2020-11-10,Pandemic Is Fueling Growth at BJ Wholesale,0.0,0.0,0.3818,0.0,0.698,0.302
2020-11-10,Xbox Series X Launch: 3 Key Takeaways for Microsoft Stock Investors,1.0,0.25,0.0,0.0,1.0,0.0
2020-11-10,Walmart and Cruise partner to test autonomous grocery delivery in Arizona,0.7,0.4,0.0,0.0,1.0,0.0
2020-11-10,Walmart and Cruise launch pilot to deliver orders via self-driving cars,0.0,0.0,0.0,0.0,1.0,0.0
2020-11-10,"Walmart to Host Third Quarter Earnings Conference Call on Nov. 17, 2020",0.0,0.0,0.0,0.0,1.0,0.0
2020-11-10,Wait to Buy Target Stock at a Discount,0.0,0.0,0.0,0.0,1.0,0.0
2020-11-10,India's competition watchdog takes aim at Google,0.0,0.0,0.0,0.0,1.0,0.0
2020-11-09,Walmart (WMT) Stock Sinks As Market Gains: What You Should Know,0.0,-0.1,0.34,0.0,0.806,0.194
2020-11-09,Hyliion Stock Is Anything But a Must Buy Heading Into 2021,0.0,0.0,0.0,0.0,1.0,0.0
2020-11-09,Pantry-loading favorites lag big market rally tied to vaccine enthusiasm,0.1,0.0,0.5106,0.159,0.464,0.377
2020-11-06,Walmart Sells Its Argentina Business,0.0,0.0,0.0,0.0,1.0,0.0
2020-11-06,"PetSmart, Inc. -- Moody's changes PetSmart's outlook to stable; affirms B2 CFR",0.0,0.0,0.296,0.0,0.833,0.167
2020-11-06,"Walmart sells Argentina business, will take $1 billion loss",0.0,0.0,-0.3182,0.223,0.777,0.0
2020-11-06,Facebook's WhatsApp expands mobile payments push in India,0.0,0.0,0.1027,0.0,0.833,0.167
2020-11-05,Plug Power Is Likely to Win in a Biden Presidency,0.7,0.4,0.5859,0.0,0.678,0.322
2020-11-05,"Coupa Stock Pops, Retail Giant Walmart To Use Business Spending Software",1.0,0.0,0.0,0.0,1.0,0.0
2020-11-05,Google and Walmart face growth hurdles as India caps payments transactions,0.0,0.0,0.3818,0.0,0.794,0.206
2020-11-05,Coupa Software shares pop 10.8% after Walmart selects Business Spend Management platform,0.0,0.0,0.296,0.0,0.833,0.167
2020-11-05,Coupa Software's stock soars after selection by Walmart to update payment processes,0.0,0.0,0.0,0.0,1.0,0.0
2020-11-05,Arguments made in court ahead of possible TikTok shutdown,1.0,0.0,-0.4019,0.252,0.748,0.0
2020-11-04,Top 3 Dow Jones Stocks to Buy Now,0.5,0.5,0.2023,0.0,0.769,0.231
2020-11-03,Report: Walmart and Comcast in Discussions to Make Smart TVs,0.6428571428571429,0.21428571428571427,0.4019,0.0,0.769,0.231
2020-11-03,"5 Top Stock Trades for Wednesday: PYPL, CMCSA, ROKU, BABA, SEDG",0.5,0.5,0.2023,0.0,0.833,0.167
2020-11-03,Walmart to reportedly end contract with company providing robots to scan shelves,0.0,0.0,0.0,0.0,1.0,0.0
2020-11-03,Dow Jones Soars on Election Day; Walmart Ends Robot Initiative; Nike Plans More Layoffs,0.5,0.5,0.0,0.0,1.0,0.0
2020-11-03,The Wall Street Journal: Comcast is in talks with Walmart to develop and distribute smart TVs,0.6428571428571429,0.21428571428571427,0.4019,0.0,0.847,0.153
2020-11-03,Why Politics Tops Cybersecurity Demand for Cloudflare Stock,0.0,0.0,0.4215,0.139,0.556,0.306
2020-11-03,"Comcast, Walmart in talks to sell smart TVs with cableco's software - WSJ",0.6428571428571429,0.21428571428571427,0.4019,0.0,0.803,0.197
2020-11-03,Walmart drops roving robots for inventory tracking,0.0,0.0,0.0,0.0,1.0,0.0
2020-11-03,Walmart Abandons Inventory-tracking Robots ,0.0,0.0,-0.3182,0.434,0.566,0.0
2020-11-03,Walmart cancels inventory-tracking robots,0.0,0.0,-0.2263,0.388,0.612,0.0
2020-11-02,Walmart drops inventory robots from its stores,0.0,0.0,0.0,0.0,1.0,0.0
2020-11-02,Walmart reportedly ends contract with inventory robotics startup Bossa Nova,0.0,0.0,0.0,0.0,1.0,0.0
2020-11-02,Walmart Ends Long-Standing Robot Inventory Project,0.0,0.0,0.0,0.0,1.0,0.0
2020-11-02,Walmart (WMT) Gains But Lags Market: What You Should Know,0.0,0.0,-0.0258,0.194,0.62,0.186
2020-11-02,The Wall Street Journal: Walmart scraps its plan to use robots to take inventory,0.0,0.0,0.0,0.0,1.0,0.0
2020-11-02,Will Walmart (WMT) Beat Estimates Again in Its Next Earnings Report?,0.0,0.0,0.0,0.0,1.0,0.0
2020-11-02,8 Stocks and Sectors That Will Lose Their Shine on Wall Street,0.0,0.0,-0.4019,0.213,0.787,0.0
2020-11-02,You're Smart to Stock Up on Walmart,0.6428571428571429,0.21428571428571427,0.4019,0.0,0.69,0.31
2020-11-02,Commerce Department will 'vigorously defend' TikTok ban,0.0,0.0,-0.4767,0.356,0.495,0.149
2020-10-30,Trump's TikTok restrictions blocked by federal judge,0.0,0.0,-0.2732,0.259,0.741,0.0
2020-10-30,Walmart Removes Guns From Sales Floor Citing Unrest,0.0,0.0,0.0,0.0,1.0,0.0
2020-10-30,Walmart returning guns to sales floor reversing earlier decision related to election unrest,0.45,0.0,0.0,0.0,1.0,0.0
2020-10-30,"Walmart Pulls Guns, Ammo Displays In U.S. Stores ",0.0,0.0,0.0,0.0,1.0,0.0
2020-10-30,Walmart Removes All Guns and Ammo From Sales Floors of All U.S. Stores,0.0,0.0,0.0,0.0,1.0,0.0
2020-10-30,The Pandemic Has Not Slowed Down Plug Power,0.2888888888888889,-0.15555555555555559,0.0,0.0,1.0,0.0
2020-10-29,Walmart removes guns and ammunition on display at US stores,0.0,0.0,0.0,0.0,1.0,0.0
2020-10-29,Walmart removes firearms and ammunition from US store floors,0.0,0.0,0.0,0.0,1.0,0.0
2020-10-29,"Walmart removes guns, ammunition from store displays ahead of election amid concerns of civil unrest",0.0,0.0,0.0,0.0,1.0,0.0
2020-10-29,7 Coronavirus Stocks to Buy for the Second Wave,0.0,0.0,0.0,0.0,1.0,0.0
2020-10-29,Why Walmart Is a Retiree's Dream Stock,0.0,0.0,0.25,0.0,0.714,0.286
2020-10-29,Walmart using four stores to test online fulfillment strategies,0.0,0.0,0.0,0.0,1.0,0.0
2020-10-28,Better Buy: Amazon.com vs. Walmart,0.5,0.5,0.4404,0.0,0.58,0.42
2020-10-28,Is Plug Power Ready to be Played as a Buy?,0.5,0.2,0.5994,0.0,0.588,0.412
2020-10-27,10 Consumer Stocks for a Reliable Portfolio,0.0,0.0,0.0,0.0,1.0,0.0
2020-10-27,Amazon Is About to Dethrone Walmart in a Major Way,0.5,0.0625,0.1779,0.0,0.825,0.175
2020-10-27,7 Cheap Index Funds for the Careful Investor,0.85,0.15000000000000002,0.1531,0.0,0.789,0.211
2020-10-26,"Walmart, Home Depot, Target, Macy's Black Friday plans: How the holiday shopping season is different amid COVID-19",0.5166666666666666,-0.08333333333333333,0.4019,0.0,0.856,0.144
2020-10-26,Walmart (WMT) Stock Moves -1.17%: What You Should Know,0.0,0.0,0.0,0.0,1.0,0.0
2020-10-26,Walmart extends shopping hours starting Nov. 14,0.1,0.0,0.128,0.0,0.8,0.2
2020-10-26,: KFC selling its fried chicken-scented firelogs at Walmart,0.0,0.0,0.0,0.0,1.0,0.0
2020-10-24,This Investing Advantage Could Be the Secret to Massive Wealth,0.85,-0.2,0.6369,0.0,0.606,0.394
2020-10-22,Walmart sues US government in pre-emptive strike over opioid crisis,0.0,0.0,-0.6808,0.412,0.588,0.0
2020-10-22,Walmart sues US to pre-empt possible DoJ opioid lawsuit,1.0,0.0,-0.2263,0.192,0.808,0.0
2020-10-22,"Walmart Sues Justice Department, DEA In Opioid Case ",0.0,0.0,0.5267,0.0,0.673,0.327
2020-10-22,The Wall Street Journal: Walmart sues government in pre-emptive move ahead of expected opioid lawsuit,0.4,-0.1,-0.2263,0.119,0.881,0.0
2020-10-22,Only Earnings Will Tell How Much Future Is Built Into Plug Power Stock,0.5625,0.0,0.0,0.0,1.0,0.0
2020-10-22,"Walmart Helping Public To Safely Dispose Unused, Expired Medications ",0.2833333333333333,0.25,0.6597,0.0,0.565,0.435
2020-10-21,Powerful Free Cash Flow Will Likely Move Amazon Higher,0.825,0.2375,0.7783,0.0,0.435,0.565
2020-10-21,4 Hydrogen Stocks for the Death of Gas Guzzlers,0.0,0.0,-0.5994,0.358,0.642,0.0
2020-10-21,One-hour grocery pickup goes nationwide at Whole Foods,0.4,0.2,0.0,0.0,1.0,0.0
2020-10-20,Walmart (WMT) Outpaces Stock Market Gains: What You Should Know,0.0,0.0,0.34,0.0,0.789,0.211
2020-10-20,"PetSmart, Inc. -- Moody's upgrades PetSmart to B2; outlook positive",0.5454545454545454,0.22727272727272727,0.5574,0.0,0.714,0.286
2020-10-20,"The Zacks Analyst Blog Highlights: Walmart, Target, Kroger, Tapestry and DICKS",0.0,0.0,0.0,0.0,1.0,0.0
2020-10-20,7 Ways to Minimize Your Risk in Growth Stocks,0.0,0.0,0.128,0.196,0.561,0.243
2020-10-20,"Synchrony Q3 earnings reflects lower PCL Q/Q, improving credit metrics",0.0,0.0,0.4939,0.151,0.479,0.37
2020-10-19,3 Reasons Why General Electric Will Be An ‘I Told You So’ Winner,0.5,0.05000000000000002,0.5859,0.0,0.743,0.257
2020-10-19,7 Value Investing Strategies To Bank It Like Buffett,0.0,0.0,0.5994,0.0,0.55,0.45
2020-10-19,"The Zacks Analyst Blog Highlights: Target, Kroger, Walmart, SpartanNash and Amazon",0.0,0.0,0.1779,0.0,0.855,0.145
2020-10-19,3 Safe Stocks for an Uncertain Market,0.5,0.5,0.1779,0.242,0.44,0.319
2020-10-19,7 Innovative Stocks That Are Blossoming in 2020,1.0,0.5,0.4404,0.0,0.674,0.326
2020-10-19,Here's Why Walmart (WMT) Appears to be in Solid Shape Now ,0.1,0.0,0.1531,0.0,0.862,0.138
2020-10-16,Dow Jones Rises on Strong Retail Sales; Walmart Stock Rated a Buy; Boeing 737 MAX Deemed Safe in Europe,0.6166666666666667,0.4666666666666667,0.7351,0.0,0.721,0.279
2020-10-16,Is Amazon Stock a Good Buy After Prime Day?,0.6000000000000001,0.7,0.5574,0.0,0.566,0.434
2020-10-16,Instacart IPO: The Next Big Unicorn You Can Buy,0.05,0.0,0.0,0.0,1.0,0.0
2020-10-16,"Buy Walmart, Sell Target?",0.0,0.0,0.0,0.0,1.0,0.0
2020-10-16,How Walmart (WMT) Stock Stands Out in a Strong Industry,0.7333333333333333,0.4333333333333333,0.5106,0.0,0.708,0.292
2020-10-16,Walmart gains as Jefferies calls it the Mall of the Future,0.125,0.0,0.34,0.0,0.806,0.194
2020-10-16,Hertz Doesn’t Need Another CEO. It Needs a Miracle,0.0,0.0,0.5859,0.0,0.648,0.352
2020-10-15,9 Stocks to Buy for a Wild Ride in October,0.4,0.1,0.0,0.0,1.0,0.0
2020-10-15,"Amazon Stock Could Breakout Over $3,500 After Prime Day",0.0,0.0,0.1779,0.0,0.825,0.175
2020-10-15,"The Zacks Analyst Blog Highlights: NIKE, salesforce.com, Walmart, PG and 3M",0.0,0.0,0.0,0.0,1.0,0.0
2020-10-15,Airgility Hopes That AI Drones Will Lead to Big Profits,0.1,0.0,0.6908,0.0,0.584,0.416
2020-10-15,"Pricey Plug Power Stock Could Keep Moving Higher, or Attract a Buyer",0.5,0.25,0.3612,0.0,0.8,0.2
2020-10-14,"Black Friday 2020: The best early deals to shop from Home Depot, Macy's and more",0.38333333333333336,0.35833333333333334,0.6369,0.0,0.769,0.231
2020-10-14,Walmart (WMT) Dips More Than Broader Markets: What You Should Know,0.5,0.5,0.0,0.0,1.0,0.0
2020-10-14,TikTok deal may wait until after election - report,0.0,0.0,0.0,0.0,1.0,0.0
2020-10-14,: Walmart will spread Black Friday deals over multiple days as retailers try new ways to drive holiday traffic,0.295959595959596,-0.010101010101010102,0.4019,0.0,0.863,0.137
2020-10-14,Walmart to spread ‘Black Friday’ over several days ,0.21666666666666667,-0.08333333333333333,0.0,0.0,1.0,0.0
2020-10-14,"Walmart Revamps Black Friday Event, Holiday Deals on Track",0.43333333333333335,-0.16666666666666666,0.4019,0.0,0.748,0.252
2020-10-14,9 Gun and Ammo Stocks to Buy If Biden Wins,0.2,0.3,0.3182,0.183,0.534,0.282
2020-10-14,Better Buy: Lululemon vs. Walmart,0.5,0.5,0.4404,0.0,0.58,0.42
2020-10-13,Walmart To Spread Out Black Friday Savings From One Single Day To Three Events ,0.3238095238095238,-0.11904761904761904,0.0,0.0,1.0,0.0
2020-10-13,Walmart Black Friday 2020: Holiday shopping expands to three events with more doorbusters online,0.4666666666666667,0.16666666666666669,0.4767,0.0,0.745,0.255
2020-10-13,"Despite Its Huge Run-Up, Hyliion Stock is Still a Long-Term Buy",0.9,0.4000000000000001,-0.2411,0.179,0.821,0.0
2020-10-13,7 Consumer Stocks for an Impenetrable Defense,0.0,0.0,0.128,0.0,0.769,0.231
2020-10-13,Now Is the Time to Find and Buy Your ‘Forever Stocks’,0.0,0.0,0.0,0.0,1.0,0.0
2020-10-13,Investors stock up on Internet retail names on Prime Day,0.0,0.0,0.0,0.0,1.0,0.0
2020-10-13,"The Zacks Analyst Blog Highlights: Visa, Walmart, Abbott Laboratories, UnitedHealth Group and Oracle",0.0,0.0,0.0,0.0,1.0,0.0
2020-10-13,"Walmart, Live Nation Entertainment, Adobe, Intuit and Zoom Video highlighted as Zacks Bull and Bear of the Day",0.5,0.13636363636363635,0.4215,0.0,0.859,0.141
2020-10-12,ProShares Online Retail ETF: Buy Dozens of Online Leaders With a Single Ticker,0.21428571428571427,-0.07142857142857142,0.0,0.0,1.0,0.0
2020-10-12,3 Stocks to Profit on Autonomous Cars,0.7,0.4,0.4404,0.0,0.633,0.367
2020-10-09,Walmart Canada Goes on a Hiring Spree,0.0,0.0,0.0,0.0,1.0,0.0
2020-10-09,Walmart Emerges Victorious Amid Retail Carnage,0.0,0.0,0.0,0.0,1.0,0.0
2020-10-09,"TikTok's U.S. ban was blocked by judge, Justice Department now appealing",0.5,0.5,-0.3182,0.333,0.468,0.199
2020-10-09,7 Index Funds to Hold Through Thick and Thin,0.6625000000000001,-0.35000000000000003,0.0,0.0,1.0,0.0
2020-10-08,Walmart (WMT) Gains But Lags Market: What You Should Know,0.0,0.0,-0.0258,0.194,0.62,0.186
2020-10-08,Why Is Everyone Talking About Walmart Stock?,0.0,0.0,0.0,0.0,1.0,0.0
2020-10-08,"Petco Animal Supplies, Inc. -- Moody's changes Petco's outlook to positive; affirms Caa1 CFR",0.5454545454545454,0.22727272727272727,0.5574,0.0,0.783,0.217
2020-10-08,3 Hot Stocks to Buy for the 2020 Holiday Season,0.8500000000000001,0.25,0.4019,0.0,0.748,0.252
2020-10-07,"Sam's Club Unveils New Plans For Holiday Season; To Hire 2,000 Associates ",0.45454545454545453,0.13636363636363635,0.4019,0.0,0.803,0.197
2020-10-07,MoneyGram (MGI) Expands Its White Label Service With Walmart,0.0,0.0,0.1027,0.0,0.851,0.149
2020-10-07,"Has Bed, Bath Stock Gone Beyond?",0.0,0.0,0.0,0.0,1.0,0.0
2020-10-07,Walmart Ups Health Care Game With Walmart Insurance Services,0.4,-0.4,0.4939,0.0,0.714,0.286
2020-10-07,"With no news on TikTok deal, Centricus still revising long-shot bid",0.0,0.0,-0.296,0.18,0.82,0.0
2020-10-07,"What if Walmart, Target, and Amazon Had Sales, but Nobody Came?",0.0,0.0,0.09,0.0,0.881,0.119
2020-10-07,5 Blue-chip Stocks to Buy on a Discount to Fortify Portfolios,0.0,0.0,0.0,0.0,1.0,0.0
2020-10-06,UBS drills down on strategy for a Q3 to feature big beats - but a high bar,0.30962962962962964,0.0014814814814814725,0.0,0.0,1.0,0.0
2020-10-06,Walmart to Begin Selling Health Insurance Plans,0.0,0.0,0.0,0.0,1.0,0.0
2020-10-06,Plug Power Stock Is Riding the Clean Energy Wave to $35,0.7000000000000001,0.3666666666666667,0.5859,0.0,0.652,0.348
2020-10-06,"Dow Jones Posts Small Gain as Boeing Predicts Tough Decade Ahead, Walmart Launches Insurance Business",0.6166666666666667,-0.3194444444444444,0.4404,0.084,0.726,0.19
2020-10-06,Pullback and Possible Split Make Amazon Extremely Attractive,1.0,0.4,0.5984,0.0,0.551,0.449
2020-10-06,MoneyGram Extends Relationship With Walmart For Three Years - Quick Facts ,0.5,0.3333333333333333,0.128,0.0,0.857,0.143
2020-10-06,Walmart May Be on the Hook for Billions in Opioid Damages,0.0,0.0,-0.4404,0.225,0.775,0.0
2020-10-06,These Two Good Pieces of News Should Make Fastly Stock Appealing,0.5666666666666668,0.4666666666666666,0.4404,0.0,0.775,0.225
2020-10-05,"Fruit recall: Watermelon, apples, other produce sold at Walmart stores in 9 states recalled for listeria risk",0.375,-0.125,-0.2732,0.123,0.877,0.0
2020-10-05,3 Small-Cap Stocks to Buy for Long-Term Disruption,0.0,0.0,-0.3612,0.294,0.706,0.0
2020-10-05,"Walmart Focused on Enhancing Growth, Sells Major Asda Stake",0.5,0.0625,0.6369,0.0,0.574,0.426
2020-10-05,The Case for a Bullish October,0.0,0.0,0.0,0.0,1.0,0.0
2020-10-05,"Various Cut, Sliced Fruits Sold By Walmart Recalled For Listeria Concerns ",0.5,0.0,-0.2732,0.174,0.826,0.0
2020-10-05,4 Pet Stocks Catering to Stay-at-Home Trends,0.0,0.0,0.0,0.0,1.0,0.0
2020-10-02,Walmart (WMT) Dips More Than Broader Markets: What You Should Know,0.5,0.5,0.0,0.0,1.0,0.0
2020-10-02,COMM 2012-CCRE1 Mortgage Trust -- Moody's affirms six and downgrades five classes of COMM 2012-CCRE1,0.0,0.0,0.5106,0.0,0.809,0.191
2020-10-02,COMM 2012-CCRE1 Mortgage Trust -- Moody's affirms six and downgrades five classes of COMM 2012-CCRE1,0.0,0.0,0.5106,0.0,0.809,0.191
2020-10-02,GS Mortgage Securities Trust 2017-GS6 -- Moody's affirms six classes of GSMS 2017-GS6,0.0,0.0,0.6705,0.0,0.667,0.333
2020-10-02,"Walmart Agrees to Sell U.K. Asda Chain for $8.8 Billion, but Will Take $2.5 Billion Non-Cash Loss",0.0,0.0,-0.3716,0.152,0.775,0.072
2020-10-02,Walmart Sells UK Chain For $8.8 Billion As India Investments Set To Soar,0.0,0.0,0.0,0.0,1.0,0.0
2020-10-02,Walmart sells Asda for £6.8 billion,0.0,0.0,0.0,0.0,1.0,0.0
2020-10-02,"Issa Brothers, TDR Capital To Acquire Asda Group From Walmart In £6.8 Bln Deal ",0.0,0.0,0.0,0.0,1.0,0.0
2020-10-02,ASDA bought from Walmart by UK billionaire brothers for £6.8bn,0.0,0.0,0.0,0.0,1.0,0.0
2020-10-02,7 Artificial Intelligence Stocks to Buy for October,1.0,-0.6,0.4767,0.0,0.659,0.341
2020-10-02,Confirmed: Walmart agrees £6.8bn sale of Asda to Issa brothers & TDR Capital,1.0,0.4,0.2023,0.0,0.859,0.141
2020-10-02,: Walmart reaches deal to sell its U.K. supermarket chain Asda,0.0,0.0,0.0516,0.0,0.882,0.118
2020-10-02,Walmart sells majority stake in Asda,0.0,0.0,0.0,0.0,1.0,0.0
2020-10-01,7 U.S. Tech Stocks To Sell After Their September Slide,0.0,0.0,0.0,0.0,1.0,0.0
2020-10-01,Buy Hydrogen-Powerhouse Plug Power Before It Hits $35,0.0,0.0,0.0,0.0,1.0,0.0
2020-09-30,Facebook Doesn’t Have to Be the First to Be the Best,0.31666666666666665,0.625,0.6369,0.0,0.704,0.296
2020-09-30,"The Zacks Analyst Blog Highlights: Walmart, Amazon, 1-800-FLOWERS.COM, Target and The Michaels Companies",0.0,0.0,0.1779,0.0,0.876,0.124
2020-09-30,"Beyond Meat Triples Burger Distribution at Walmart, Shares Up",0.0,0.0,0.296,0.0,0.784,0.216
2020-09-30,Shares of Apple Are Overpriced,0.0,0.0,0.296,0.0,0.645,0.355
2020-09-30,Walmart revamping with new store design that includes contactless options,0.45454545454545453,0.13636363636363635,0.0,0.0,1.0,0.0
2020-09-30,Walmart Seeks Solid India Investment in Tata's Super App,0.3833333333333333,0.16666666666666666,0.6705,0.0,0.56,0.44
2020-09-30,Walmart and Target to Directly Challenge Amazon on Prime Day,0.4,0.1,0.25,0.0,0.727,0.273
2020-09-30,: Walmart unveils digital-focused store redesign,0.0,0.0,0.0,0.0,1.0,0.0
2020-09-30,5 Cheap Healthcare Stocks Making Money This Year,0.7,0.4,0.0,0.0,1.0,0.0
2020-09-29,Walmart store of the future: New design focuses on 'seamless' shopping experience,0.22651515151515153,0.07878787878787878,0.0,0.0,1.0,0.0
2020-09-29,Walmart stores,0.0,0.0,0.0,0.0,1.0,0.0
2020-09-29,BYND Stock: 9 Things to Know About the New Beyond Meat-Walmart Deal,0.45454545454545453,0.13636363636363635,0.0,0.0,1.0,0.0
2020-09-29,Walmart Eyes Biggest India Investment Ever Amid 'Super App' Race,0.6666666666666666,0.3333333333333333,0.5994,0.0,0.698,0.302
2020-09-29,Walmart Looking to Invest $25 Billion in Indian E-Commerce 'Super App',0.6666666666666666,0.3333333333333333,0.5994,0.0,0.719,0.281
2020-09-29,Amazon Is the Pandemic’s Wildest Ride,0.0,0.0,0.1779,0.0,0.746,0.254
2020-09-29,"Beyond Meat stock jumps more than 10% after announcing Walmart expansion to more than 2,400 stores",0.5,0.5,0.0,0.0,1.0,0.0
2020-09-29,Report: Walmart Picks Winning Bidders for U.K. Unit Asda,0.75,0.5,0.5267,0.0,0.702,0.298
2020-09-29,"So Long As Amazon Dominates E-Commerce, Stick with AMZN Stock",0.4,-0.05,0.2878,0.0,0.717,0.283
2020-09-29,"The Zacks Analyst Blog Highlights: Dow, Salesforce, Apple, Walmart and UnitedHealth",0.0,0.0,0.0,0.0,1.0,0.0
2020-09-29,Walmart Reportedly In Talks To Buy Stake In Tata's Proposed Super App For Up To $25 Bln ,0.6666666666666666,0.3333333333333333,0.5994,0.0,0.804,0.196
2020-09-28,Skip the Bonds -- Walmart Is a Dividend Aristocrat to Buy Today,0.0,0.0,0.0,0.0,1.0,0.0
2020-09-28,Walmart Grows Its Fashion Presence,0.0,0.0,0.0,0.0,1.0,0.0
2020-09-27,Walmart close to picking preferred bidder for Asda,0.0,0.0,0.0,0.0,1.0,0.0
2020-09-25,"The Zacks Analyst Blog Highlights: Target, Deere, United Parcel, Walmart and Activision Blizzard",0.0,0.0,0.4215,0.0,0.811,0.189
2020-09-25,Investing in Plug Power Is a Gamble at This Stage,0.0,0.0,0.0,0.0,1.0,0.0
2020-09-24,Walmart (WMT) Outpaces Stock Market Gains: What You Should Know,0.0,0.0,0.34,0.0,0.789,0.211
2020-09-24,"Walmart Strikes TV Measurement, Analytics Deal With 605 To Expand Ad Initiatives",0.0,0.0,-0.0516,0.169,0.676,0.155
2020-09-24,"Walmart is hiring 20,000 seasonal workers  — here’s how a seasonal job could affect your unemployment benefits",0.0,0.0,-0.0772,0.157,0.703,0.141
2020-09-24,"Walmart, Quest Diagnostics Pilot Drone Delivery Of COVID-19 Test Kits ",0.0,0.0,0.0,0.0,1.0,0.0
2020-09-23,Quest Diagnostics and Walmart Teaming Up to Test Drone Delivery of COVID-19 Test Kits,0.0,0.0,0.0,0.0,1.0,0.0
2020-09-23,"Beyond TikTok, Walmart Looks to Transform",0.0,0.0,0.0,0.0,1.0,0.0
2020-09-23,7 Companies to Invest in That Pivoted Perfectly in the Pandemic,1.0,1.0,0.6369,0.0,0.682,0.318
2020-09-23,Walmart Reveals Its Holiday Shopping Preparations in the COVID-19 Era,0.0,0.0,0.4019,0.0,0.769,0.231
2020-09-23,"Walmart Holiday Hiring 2020: Retailer to Add 20,000 Seasonal Employees",0.0,0.0,0.4019,0.0,0.769,0.231
2020-09-23,"Walmart Braces Up for Holiday Season, Unveils Hiring Plans",0.0,0.0,0.4019,0.0,0.748,0.252
2020-09-23,"Walmart Foundation, Cargill And McDonald's To Support World Wildlife Fund To Restore Grasslands ",0.0,0.0,0.5994,0.0,0.692,0.308
2020-09-23,": Walmart to hire 20,000 seasonal workers, stocks up on TVs for the holidays",0.0,0.0,0.3818,0.0,0.822,0.178
2020-09-23,Goldman Sachs' Marcus to Offer Credit Lines to Walmart Sellers,0.0,0.0,0.3818,0.0,0.776,0.224
2020-09-23,Better Buy: Beyond Meat vs. Walmart,0.5,0.5,0.4404,0.0,0.633,0.367
2020-09-22,"Walmart To Hire More Than 20,000 Seasonal Associates ",0.5,0.5,0.0,0.0,1.0,0.0
2020-09-22,"Walmart, Quest to test drone deliveries of coronavirus test kits",0.0,0.0,0.0,0.0,1.0,0.0
2020-09-22,Why Investors Should Buy Alphabet Stock on Weakness,0.0,0.0,-0.4215,0.286,0.714,0.0
2020-09-22,Goldman Sachs Is Partnering With Walmart to Expand Its Consumer Banking Business,0.0,0.0,0.3182,0.0,0.827,0.173
2020-09-21,Walmart Confirms Probable Minority Stake as TikTok Deal Moves Forward,0.0,0.0,0.0,0.0,1.0,0.0
2020-09-21,TikTok Deal with Oracle and Walmart Trips Over U.S.-China Feud,0.0,0.0,-0.34,0.211,0.789,0.0
2020-09-21,"Oracle, Walmart Deal For TikTok: Unclear Who Has Majority Control",0.0,0.0,-0.25,0.182,0.818,0.0
2020-09-21,: Walmart CEO McMillon would sit on the board of newly created TikTok Global if deal is completed,0.22727272727272727,0.06818181818181818,0.25,0.0,0.889,0.111
2020-09-21,Dow Jones Tumbles 750 Points; Microsoft Buys Bethesda Softworks; Walmart Stock Vastly Outperforms,1.0,0.0,0.0,0.0,1.0,0.0
2020-09-21,: Walmart launches private-label clothing brand Free Assembly,0.8,0.4,0.5106,0.0,0.645,0.355
2020-09-21,Walmart Unveils Tentative Deal to Buy Stake in TikTok Global  ,0.0,0.0,0.0,0.0,1.0,0.0
2020-09-21,Walmart to take 7.5% stake in TikTok as deal receives cautious “blessing”,0.0,0.0,-0.1027,0.113,0.887,0.0
2020-09-21,Walmart Aims to Capture Market Share With New Private-Label Clothing Line,0.45454545454545453,0.13636363636363635,0.296,0.0,0.82,0.18
2020-09-21,"Oracle, Walmart To Buy 20% Of TikTok Global Business ",0.0,0.0,0.0,0.0,1.0,0.0
2020-09-21,: Walmart aims for zero emissions by 2040,0.0,0.0,0.0,0.0,1.0,0.0
2020-09-21,Oracle Stock Rallies Monday on Approval of TikTok Deal,0.0,0.0,0.4767,0.0,0.721,0.279
2020-09-21,TerraCycle CEO Creates a Likely Crowdfund Unicorn,1.0,0.0,0.2732,0.0,0.704,0.296
2020-09-21,Walmart Raises Targets To Zero Emissions By 2040 ,0.0,0.0,0.0,0.0,1.0,0.0
2020-09-20,Walmart Using Zipline Drone Delivery Service for Deliveries in US,0.0,0.0,0.0,0.0,1.0,0.0
2020-09-19,"Donald Trump gives 'blessing' to TikTok deal with Oracle, Walmart",0.0,0.0,0.0,0.0,1.0,0.0
2020-09-19,"Trump backs proposed TikTok deal with Oracle, Walmart",0.0,0.0,-0.0516,0.146,0.854,0.0
2020-09-19,Trump backs proposed TikTok deal with Oracle and Walmart,0.0,0.0,-0.0516,0.13,0.87,0.0
2020-09-19,"Walmart, Amazon among donors to QAnon-promoting lawmaker",0.0,0.0,0.1779,0.0,0.779,0.221
2020-09-18,Walmart (WMT) Stock Moves -1.02%: What You Should Know,0.0,0.0,0.0,0.0,1.0,0.0
2020-09-18,Flipkart IPO? 15 Things for Potential Investors to Know,1.0,0.0,0.0,0.0,1.0,0.0
2020-09-18,"Walmart Pay Raise 2020: 165,000 Employees to Get Wage Increase",0.0,0.0,0.2263,0.12,0.684,0.197
2020-09-18,Why Plug Power Is Sinking to Zero While a Rising Tide Lifts Other Boats,0.375,-0.125,0.0,0.0,1.0,0.0
2020-09-18,"The Zacks Analyst Blog Highlights: salesforce, Apple, Walmart and UnitedHealth",0.0,0.0,0.0,0.0,1.0,0.0
2020-09-18,Cramer: Oracle and Walmart need to work harder to please Trump on TikTok deal,0.0,-0.1,0.3182,0.0,0.85,0.15
2020-09-18,6 Long-Term Stocks to See You Through the Bad Times,0.6666666666666666,-0.6999999999999998,-0.5423,0.304,0.696,0.0
2020-09-18,"Walmart Raises Pay For 165,000 Hourly Associates In U.S. Stores ",0.0,0.0,-0.1027,0.135,0.865,0.0
2020-09-17,"The Wall Street Journal: New TikTok plan would see Oracle, Walmart, others give U.S. companies majority stake ",0.45454545454545453,0.13636363636363635,0.0,0.0,1.0,0.0
2020-09-17,"Walmart Responds to Changing Retail Structure, Increased Pickup and Delivery With Pay Hikes",0.0,0.0,0.1779,0.097,0.759,0.145
2020-09-17,Report: Walmart India Unit Flipkart to Launch IPO,0.0,0.0,0.0,0.0,1.0,0.0
2020-09-17,Walmart US stores,0.0,0.0,0.0,0.0,1.0,0.0
2020-09-17,"Trump decision on Oracle TikTok looms ahead of Sunday deadline, deal would include Walmart",0.0,0.0,-0.1531,0.11,0.89,0.0
2020-09-17,Walmart (WMT) Up 2.9% Since Last Earnings Report: Can It Continue?,0.06666666666666667,0.0,0.0,0.0,1.0,0.0
2020-09-17,"The Zacks Analyst Blog Highlights: Target, Walmart, Best Buy, At Home Group and Domino's Pizza",0.3,1.0,0.6369,0.0,0.769,0.231
2020-09-17,"As Hydrogen Tech Finds Novel Applications, Plug Power Is a Buy Again",0.0,0.0,0.3182,0.0,0.813,0.187
2020-09-16,Walmart Flipkart IPO In 2021 Eyed For India E-Commerce Giant,1.0,0.0,0.0,0.0,1.0,0.0
2020-09-16,7 Self-Driving Car Companies Racing to Gains,0.0,0.0,0.34,0.0,0.676,0.324
2020-09-16,"The Zacks Analyst Blog Highlights: Walmart, Oracle, Sanofi, Amazon, GlaxoSmithKline and CVS Health",0.0,0.0,0.1779,0.0,0.876,0.124
2020-09-16,Walmart (WMT) Boosts Delivery Services With Walmart+ Launch,0.0,0.0,0.3182,0.0,0.753,0.247
2020-09-15,Options Action: Walmart,0.1,0.1,0.0,0.0,1.0,0.0
2020-09-15,"Details Of Oracle, TikTok Deal Starting To Emerge, Possibly Putting Walmart Back In Play",0.3666666666666667,0.0,0.34,0.0,0.844,0.156
2020-09-15,"Top Analyst Reports for Walmart, Oracle & Sanofi",0.5,0.5,0.2023,0.0,0.769,0.231
2020-09-15,"4 Top Stock Trades for Wednesday: AAPL, WMT, CCL, FDX",0.5,0.5,0.2023,0.0,0.816,0.184
2020-09-15,How to Profit From the Drone Delivery Race,0.0,0.0,0.4404,0.0,0.707,0.293
2020-09-15,Dow Jones Rises 100 Points; Caterpillar Stock Down on Sales Slump; Walmart Launches Subscription Service; Microsoft Rolls Out Mobile Cloud Gaming,0.2888888888888889,-0.15555555555555559,0.0,0.0,1.0,0.0
2020-09-15,10 Growth Stocks That Crashed Despite Strong Earnings,0.7333333333333333,0.4333333333333333,-0.0263,0.239,0.531,0.23
2020-09-15,Walmart Introduces New Membership Option As Walmart+ - Quick Facts ,0.4772727272727273,0.23484848484848483,0.0,0.0,1.0,0.0
2020-09-15,FuelCell Investors May Be in for a Very Scary Halloween,1.0,-0.65,-0.5413,0.304,0.696,0.0
2020-09-15,Investor Interest in All Things Alternative Fuel-ing PLUG Stock Higher,0.5,0.25,0.4588,0.0,0.75,0.25
2020-09-14,The Ratings Game: Kroger downgraded at Bank of America as competition with Walmart and Target heats up,0.4,-0.4,0.0,0.0,1.0,0.0
2020-09-14,Walmart Adds Second Drone Delivery Company to Pilot Program,0.0,0.0,0.0,0.0,1.0,0.0
2020-09-14,Walmart to test drone delivery with Zipline in latest  deal,0.9,0.5,0.0,0.0,1.0,0.0
2020-09-14,Walmart Partners With Zipline for Drone Delivery Operations,0.0,0.0,0.0,0.0,1.0,0.0
2020-09-14,Oracle leaps 8% after reportedly winning partnership bid for TikTok's US operations,0.75,0.5,0.5267,0.0,0.764,0.236
2020-09-14,Walmart expands drone delivery tests to Arkansas with new Zipline partnership,0.45454545454545453,0.13636363636363635,0.1027,0.0,0.877,0.123
2020-09-14,Plug Power Is in the Driver’s Seat as Hydrogen Use Grows,0.0,0.0,0.0,0.0,1.0,0.0
2020-09-14,Walmart announces it is trialing 1 hour drone delivery,0.0,0.0,0.0,0.0,1.0,0.0
2020-09-14,Walmart In Deal With Drone Delivery Company Zipline ,0.0,0.0,0.0,0.0,1.0,0.0
2020-09-13,"TikTok Turns To Oracle For U.S. Deal, Walmart May Invest: Report",0.0,0.0,0.0,0.0,1.0,0.0
2020-09-13,Oracle Selected As TikTok's Technology Partner; Microsoft's Bid Rejected ,0.0,0.0,-0.5106,0.292,0.708,0.0
2020-09-12,Where Will Walmart Be in 5 Years?,0.0,0.0,0.0,0.0,1.0,0.0
2020-09-11,Walmart Drone Delivery: Pilot Program Takes Off in NC,0.0,0.0,0.0,0.0,1.0,0.0
2020-09-11,Trump Says Not To Extend TikTok Deadline ,0.0,0.0,-0.1326,0.202,0.798,0.0
2020-09-11,Kroger Stock Investors Looking Past Pandemic and Questioning Performance,0.25,-0.25,-0.1027,0.149,0.851,0.0
2020-09-10,Back-to-School Shopping Hints at Big Gains to Come for These Retail Stocks,0.1,0.0,0.34,0.0,0.821,0.179
2020-09-10,"Walmart (WMT) Ups Delivery Game, Pilots Drones With Flytrex",0.4,-0.4,0.0,0.0,1.0,0.0
2020-09-10,7 Strong Long-Term Stocks to Buy and Hold,0.7333333333333333,0.4333333333333333,0.5106,0.0,0.645,0.355
2020-09-10,Amazon Wants What Walmart Has,0.1,0.2,0.1779,0.0,0.702,0.298
2020-09-10,Walmart to Participate in the KeyBanc Capital Markets' Future of Technology Series,0.125,0.0,0.0,0.0,1.0,0.0
2020-09-10,"Bed, Bath, Beyond and the Mendoza Line",0.0,0.0,0.0,0.0,1.0,0.0
2020-09-09,Walmart Pilots On-Demand Drone Delivery ,0.0,0.0,0.0,0.0,1.0,0.0
2020-09-09,3 Retail Stocks to Buy on the Dip,0.0,0.0,0.0,0.0,1.0,0.0
2020-09-09,Walmart to Test Its Own Drone Delivery Service,1.0,0.6,0.0,0.0,1.0,0.0
2020-09-09,7 ETFs to Buy for Their Inclusion of Profitable Coronavirus Stocks,0.0,0.0,0.4404,0.0,0.756,0.244
2020-09-09,Walmart piloting on-demand drone delivery program,0.0,0.0,0.0,0.0,1.0,0.0
2020-09-09,Walmart testing drones for deliveries in North Carolina city,0.0,0.0,0.0,0.0,1.0,0.0
2020-09-09,"Following Amazon’s FAA approval, Flytrex launches second Walmart drone delivery pilot",0.05,0.0,0.4767,0.0,0.763,0.237
2020-09-09,5 All-Star Russell 2000 Stocks to Buy Now,0.0,0.0,0.0,0.0,1.0,0.0
2020-09-09,COMM 2014-UBS4 Mortgage Trust -- Moody's affirms five classes of COMM 2014-UBS4,0.0,0.0,0.5106,0.0,0.769,0.231
2020-09-09,Walmart Makes Flu Shots Available At Its Pharmacies ,0.4,0.4,-0.3818,0.271,0.729,0.0
2020-09-08,Walmart Rated Top Buy This Week By AI Models,0.5,0.5,0.2023,0.0,0.816,0.184
2020-09-08,Walmart (WMT) Looks Appealing on Solid Digitization Endeavors,0.3,0.25,0.1531,0.0,0.814,0.186
2020-09-04,"Stock Market Rally Pulls Back From Record Highs; Apple, Tesla, Zoom Video, Nvidia, Walmart In Focus",0.0,0.0,0.0,0.0,1.0,0.0
2020-09-04,Walmart Hottest Holiday Toys List 2020: Our 10 Favorites,0.0,0.0,0.6705,0.0,0.56,0.44
2020-09-04,When Will We Be Able to Invest in Impossible Foods Stock?,0.8125,-0.08333333333333331,0.0,0.0,1.0,0.0
2020-09-04,Continue to Stay Away From Genius Brands Stock,0.0,0.0,0.0,0.0,1.0,0.0
2020-09-04,7 Mid-Cap Stocks to Buy for Massive Growth,1.0,0.0,0.3818,0.0,0.698,0.302
2020-09-03,"The Zacks Analyst Blog Highlights: Walmart, Roche and Chevron",0.0,0.0,0.0,0.0,1.0,0.0
2020-09-03,Walmart To Allow Virtual Toy Shopping For Kids This Holiday Season ,0.0,0.0,0.5574,0.0,0.662,0.338
2020-09-03,Want to Buy Tesla for $13? Just Dive into Plug Power Stock.,0.0,0.0,0.0772,0.0,0.894,0.106
2020-09-03,"Crocs, Illumina, Microsoft, Walmart and Oracle highlighted as Zacks Bull and Bear of the Day",0.0,0.0,0.0,0.0,1.0,0.0
2020-09-03,"Jump for Jumia, Just Don’t Expect Amazon-esque Performance",0.0,0.0,0.0,0.0,1.0,0.0
2020-09-03,Walmart Unveils List Of 36 Top-rated Toys For Holiday Season ,0.0,0.0,0.4019,0.0,0.769,0.231
2020-09-02,Walmart unveils subscription program to challenge Amazon,0.0,0.0,0.25,0.0,0.625,0.375
2020-09-02,"Top Stock Reports for Walmart, Roche & Chevron",0.5,0.5,0.2023,0.0,0.769,0.231
2020-09-02,4 Hydrogen Stocks That Are Ready to Charge Your Portfolio,0.5,0.2,0.3612,0.0,0.762,0.238
2020-09-02,Coronavirus Hazard Pay 2020: 10 Companies Paying Employees More for Working During Pandemic,0.5,0.5,-0.1027,0.104,0.896,0.0
2020-09-02,"Tech, ""Stay-At-Home"" Stocks, And Walmart Leading The Charge In Hot September Start",0.8500000000000001,0.25,0.0,0.0,1.0,0.0
2020-09-02,Walmart (WMT) Looks Good: Stock Adds 6.3% in Session,0.6000000000000001,0.7,0.4404,0.0,0.734,0.266
2020-09-02,Walmart to Participate in Barclays Global Consumer Staples Conference and Goldman Sachs Global Retailing Conference,0.0,0.0,0.0,0.0,1.0,0.0
2020-09-01,Why Walmart Stock Jumped Today,0.0,0.0,0.0,0.0,1.0,0.0
2020-09-01,"4 Top Stock Trades for Wednesday: ZM, GOGO, CHWY, WMT",0.5,0.5,0.2023,0.0,0.816,0.184
2020-09-01,Where and How to Power Up Profits in Plug Power Stock,0.0,0.0,0.4404,0.0,0.775,0.225
2020-09-01,"Dow Jones Rises as Walmart Unveils Walmart+, Apple Stock Price Targets Raised",0.0,0.0,0.0,0.0,1.0,0.0
2020-09-01,10 Long-Term Stocks to Buy to Profit From Secular Trends,0.0,0.0,0.4404,0.0,0.756,0.244
2020-09-01,"Walmart Stock Surges On Walmart+ Launch, But Analyst Cites Amazon Advantages",0.0,0.0,0.4939,0.0,0.682,0.318
2020-09-01,Walmart to Roll Out New Subscription Service Called Walmart+,0.45454545454545453,0.13636363636363635,0.0,0.0,1.0,0.0
2020-09-01,"Walmart unveils details of Walmart+ membership program, 6 months after confirming it was coming",0.0,0.0,0.0,0.0,1.0,0.0
2020-09-01,Why Target Stock Is Still a Buy After Its Post- Earnings Rally,0.0,0.0,0.0,0.0,1.0,0.0
2020-09-01,"15 years later, Walmart launches its answer to Amazon Prime",0.0,0.0,0.1779,0.0,0.841,0.159
2020-09-01,Walmart Unveils Walmart+ Membership Program ,0.0,0.0,0.0,0.0,1.0,0.0
2020-08-31,Walmart to offer fuel discounts with rival to Amazon Prime,0.0,0.0,0.1779,0.0,0.841,0.159
2020-08-31,"Dow Jones Slumps 200 Points as Index Changes Take Effect, Walmart Stock Downgraded",0.0,0.0,0.0,0.0,1.0,0.0
2020-08-31,Frothy Valuation and Red Flags Mean Avoid Plug Power Stock at Today’s Prices,0.34375,-0.15625,-0.296,0.155,0.845,0.0
2020-08-31,7 Hot Food Stocks to Buy for Tasty Returns,0.8500000000000001,0.25,0.0,0.0,1.0,0.0
2020-08-31,Why Walmart Wants a Piece of TikTok,0.1,0.2,0.0,0.0,1.0,0.0
2020-08-31,3 Back-to-School Stocks to Buy for September,0.0,0.0,0.0,0.0,1.0,0.0
2020-08-31,"Walmart, Microsoft stocks fall as China's new export rules throw wrench into potential deal for TikTok",0.7272727272727273,0.06818181818181818,0.0,0.0,1.0,0.0
2020-08-30,Stocks This Week: Sell Short Simon Property And Walmart,0.3,0.0,0.0,0.0,1.0,0.0
2020-08-29,What does Walmart see in TikTok? Millions of young shoppers,0.4,0.1,0.0,0.0,1.0,0.0
2020-08-29,What does Walmart see in TikTok? Millions of young shoppers,0.4,0.1,0.0,0.0,1.0,0.0
2020-08-29,"Walmart-exclusive TrillerTok will run on Azure, or Oracle, or something",0.0,0.0,0.0,0.0,1.0,0.0
2020-08-28,Here’s Why A TikTok Deal Makes Sense For Walmart,0.0,0.0,0.0,0.0,1.0,0.0
2020-08-28,Going Out of Business: Lord & Taylor Closing All Stores,0.0,0.0,0.0,0.0,1.0,0.0
2020-08-28,"The Ratings Game: Walmart making a play for younger shoppers with potential stake in TikTok, analysts say",0.4666666666666666,-0.13333333333333333,0.34,0.0,0.862,0.138
2020-08-28,"Stock Market Rally Charges Higher On Salesforce Earnings, Microsoft-Walmart TikTok Buzz, Tesla, EV Rivals Nio, Xpeng",0.5,0.25,-0.2732,0.123,0.877,0.0
2020-08-28,Walmart Ups Digital Game: Teams Up With Microsoft for TikTok,0.2,-0.2,0.0,0.0,1.0,0.0
2020-08-28,Walmart joins Microsoft in bid for video app TikTok ,0.0,0.0,0.0,0.0,1.0,0.0
2020-08-28,"Buy Costco Stock in Bulk, but Make Sure It’s From the Right Aisle",0.7123015873015872,0.39285714285714285,0.4497,0.0,0.803,0.197
2020-08-28,What Walmart might want from a TikTok tie-up,0.0,0.0,0.0772,0.0,0.822,0.178
2020-08-28,Why Does Walmart Want to Buy TikTok?,0.0,0.0,0.0772,0.0,0.822,0.178
2020-08-28,Walmart Teams With Microsoft In Bid For TikTok ,0.0,0.0,0.0,0.0,1.0,0.0
2020-08-27,"Walmart reportedly tried to become TikTok's majority owner by teaming up with Alphabet and SoftBank before the Trump administration nixed the idea (WMT, GOOG, GOOGL, MSFT, ORCL)",0.0,0.0,0.0,0.0,1.0,0.0
2020-08-27,Walmart teams up with Microsoft to make play for video app TikTok,0.0,0.0,0.34,0.0,0.821,0.179
2020-08-27,Walmart says a TikTok deal would benefit its digital and advertising businesses,0.0,0.0,0.4588,0.0,0.769,0.231
2020-08-27,Why Shares of Walmart and Microsoft Are Rising Today,0.0,0.0,0.296,0.0,0.784,0.216
2020-08-27,Walmart joins talks to buy TikTok as deal looms,0.0,0.0,-0.1531,0.167,0.833,0.0
2020-08-27,"4 Top Stock Trades for Friday: WMT, ULTA, ABT, QDEL",0.5,0.5,0.2023,0.0,0.816,0.184
2020-08-27,TikTok to Announce U.S. Buyer Soon; Why Walmart Is on the Short List,0.3,0.0,0.0,0.0,1.0,0.0
2020-08-27,"Walmart in, CEO out at TikTok",0.0,0.0,0.0,0.0,1.0,0.0
2020-08-27,"Amazon Fresh Grocery Store Opens, Posing Challenge To Walmart, Kroger",0.5,0.3,0.5106,0.0,0.569,0.431
2020-08-27,Dow Jones Jumps on Rapid COVID-19 Test; Microsoft and Walmart Team Up for TikTok Bid,0.0,0.0,0.0,0.0,1.0,0.0
2020-08-27,TikTok Endgame Imminent As Analyst Says Walmart 'Likely Seals The Deal',1.0,0.0,0.0,0.0,1.0,0.0
2020-08-27,"Walmart expresses interest in TikTok, teaming up with Microsoft",0.0,0.0,0.4588,0.0,0.727,0.273
2020-08-27,TikTok Is Said to Wrestle With Two Competing Offers,0.0,0.1,0.0,0.0,1.0,0.0
2020-08-27,Dow erases 2020 losses as Fed policy overhaul lifts stocks,0.0,0.0,-0.4019,0.231,0.769,0.0
2020-08-27,Walmart enters race for TikTok US with Microsoft partnership,0.0,0.0,0.0,0.0,1.0,0.0
2020-08-27,"Instant Pot has launched a coffee/espresso maker, the Instant Pod, available exclusively at Walmart",0.5777777777777778,0.13333333333333333,0.128,0.0,0.889,0.111
2020-08-27,Walmart joins Microsoft in bid for TikTok's US operations,0.0,0.0,0.0,0.0,1.0,0.0
2020-08-27,Walmart shares jump after report it's partnering with Microsoft on TikTok bid,0.0,0.0,0.296,0.0,0.833,0.167
2020-08-27,Several Strong Catalysts Can Take Plug Power Stock Much Higher,0.41111111111111115,0.22777777777777777,0.5106,0.0,0.732,0.268
2020-08-26,30 Dividend Stocks to Buy Now for 20 Years of Income Growth,0.0,0.0,0.3818,0.0,0.809,0.191
2020-08-26,"The Ratings Game: Children’s Place is in a good place for a comeback, analysts say -- right behind Walmart, Target and Kohl’s",0.5589285714285714,0.0464285714285714,0.4404,0.0,0.868,0.132
2020-08-26,10 Stocks That Every 30-Year-Old Should Buy and Hold Forever,0.0,0.0,0.0,0.0,1.0,0.0
2020-08-26,Walmart To Install Mamava Lactation Suites In More Than 100 Stores ,0.5,0.5,0.0,0.0,1.0,0.0
2020-08-25,The InvestorPlace Q&A: How Investors Can Benefit From Disruption in Retail Stocks,0.0,0.0,0.128,0.161,0.645,0.194
2020-08-25,"Target, Royal Caribbean, Amazon and Walmart highlighted as Zacks Bull and Bear of the Day",0.0,0.0,0.1779,0.0,0.892,0.108
2020-08-24,"The Zacks Analyst Blog Highlights: Walmart, Target, Lowe's and Amazon",0.0,0.0,0.1779,0.0,0.841,0.159
2020-08-24,Should Investors Buy Alibaba Stock After the Company’s Earnings?,0.0,0.0,0.0,0.0,1.0,0.0
2020-08-23,The Key Difference Between Walmart and Target's Earnings Reports,1.0,0.0,0.0,0.0,1.0,0.0
2020-08-21,"Top Analyst Reports for Facebook, Walmart & Morgan Stanley",0.5,0.5,0.2023,0.0,0.795,0.205
2020-08-21,"Buy Walmart, Sell Tesla Motors?",0.0,0.0,0.0,0.0,1.0,0.0
2020-08-21,The S&P 500 Set a New All-Time High… Now What?,0.45454545454545453,0.13636363636363635,0.0,0.0,1.0,0.0
2020-08-21,Costco Is Expensive but it May Be Worthwhile,0.6,0.0,0.4767,0.0,0.693,0.307
2020-08-21,Target Is Killing Amazon and Walmart in This Key Metric,1.0,0.0,-0.5719,0.312,0.567,0.121
2020-08-20,Buy Dollar General Stock After Walmart & Target's Strong Pandemic Earnings?,0.6166666666666667,0.24166666666666664,0.5106,0.0,0.732,0.268
2020-08-20,"Dow Jones Steady as Intel Restarts Share Buybacks, Walmart Stock Cools Off",0.5,0.16666666666666666,0.296,0.0,0.833,0.167
2020-08-20,"Zacks Market Edge Highlights: Walmart, Home Depot, Mastercard, Cisco Systems and Western Digital",0.0,0.0,0.0,0.0,1.0,0.0
2020-08-20,It’s Too Late to Get In On Target Stock Despite Solid Earnings,0.35,-0.15,-0.1139,0.116,0.884,0.0
2020-08-20,Industry Leader Young's Market Company to Distribute Splash Beverage Group Inc.'s SALT Naturally Flavored Tequila in Walmart AZ and SoCal Locations,0.4,0.1,0.0,0.0,1.0,0.0
2020-08-20,How Walmart Overcame a 14% Drop in Customer Traffic,0.0,0.0,-0.2732,0.231,0.769,0.0
2020-08-19,"Walmart, Target and Other Big-Box Retailers See Profits Surge During Pandemic",0.375,-0.125,0.4404,0.0,0.775,0.225
2020-08-19,"5 Top Stock Trades for Thursday: TGT, LOW, V, BMRN, NVDA",0.4,0.25,-0.2577,0.224,0.633,0.142
2020-08-19,"Costco Is a Great Company, But an Expensive Stock",0.725,0.15000000000000002,0.6249,0.0,0.631,0.369
2020-08-19,Target Stock Is Bound for $200 After Reporting Strong Earnings,0.7333333333333333,0.4333333333333333,0.5106,0.0,0.732,0.268
2020-08-19,3 Reasons Walmart and Target Are Killing It Right Now,0.5357142857142857,0.2857142857142857,-0.6597,0.355,0.645,0.0
2020-08-19,Better Buy: Costco Wholesale vs. Walmart,0.5,0.5,0.4404,0.0,0.633,0.367
2020-08-19,Kohl’s Stock Has Reached the Retail Lifeboat,0.0,0.0,0.1027,0.0,0.811,0.189
2020-08-19,"Walmart Earnings Were Good, but WMT Shares Are Overvalued",0.6000000000000001,0.7,0.5789,0.0,0.596,0.404
2020-08-19,Walmart Solid Q2 Results Put These ETFs in Focus,0.1,0.0,0.1531,0.0,0.833,0.167
2020-08-19,3 Reasons Walmart Crushed Q2 Earnings,0.1,-0.1,-0.4215,0.412,0.588,0.0
2020-08-19,Walmart says government stimulus money bolstered Q2’s blowout results and analysts are concerned now that it’s been spent,0.1,-0.1,0.0,0.0,1.0,0.0
2020-08-19,"Curbside pickup drives sales at Target, Walmart, other stores amid COVID-19. Here's where to use the service",0.375,-0.125,0.0,0.0,1.0,0.0
2020-08-19,Walmart’s E-Commerce Business Delivers the Goods in Q2,0.0,0.0,0.0,0.0,1.0,0.0
2020-08-19,Walmart Sounds a Warning on the Economy,0.0,0.0,-0.34,0.324,0.676,0.0
2020-08-19,Walmart to Participate in Cowen's 2020 Broadline & Grocery Executive Summit,0.0,0.0,0.0,0.0,1.0,0.0
2020-08-19,How Safe Is Walmart Stock and Its Dividend?,0.5,0.5,0.4404,0.0,0.707,0.293
2020-08-19,"Plug Power Stock Is On a Roll, But It Won’t Last",0.06666666666666667,0.0,0.0,0.0,1.0,0.0
2020-08-19,Walmart says its second-quarter e-commerce sales surged 104% in China,0.0,0.0,0.0,0.0,1.0,0.0
2020-08-18,"Elon Musk has tripled his wealth during the pandemic, joining a list of 12 Americans collectively worth more than $1 trillion (TSLA, AMZN, FB, GOOG, GOOGL, BRK.A, WMT, ORCL, MSFT)",0.3,0.4,0.6249,0.0,0.841,0.159
2020-08-18,"We're Back: S&P 500 Reaches All-Time High, Walmart, Home Depot Earnings, Oracle TikTok Play, Buffett Selling Stocks in 2020",0.26999999999999996,0.08,0.3818,0.0,0.825,0.175
2020-08-18,Walmart Earnings Strong But Sales 'Normalize'; CEO Teases Walmart+,0.7333333333333333,0.4333333333333333,0.2732,0.176,0.56,0.264
2020-08-18,"4 Top Stock Trades for Wednesday: AMZN, HD, WMT, BE",0.5,0.5,0.2023,0.0,0.816,0.184
2020-08-18,"With Pandemic Tailwinds Still in Motion, Buy Target Stock",0.0,0.0,0.0,0.0,1.0,0.0
2020-08-18,Walmart blows away earnings expectations. What Cramer and others are watching in retail,0.0,0.0,0.0,0.0,1.0,0.0
2020-08-18,Costco Stock Is a Buy Right Now,0.5357142857142857,0.2857142857142857,0.0,0.0,1.0,0.0
2020-08-18,Dow Jones Weak Despite Blockbuster Earnings From Home Depot and Walmart,0.625,-0.375,-0.7224,0.402,0.598,0.0
2020-08-18,Pandemic helped drive Walmart e-commerce sales up 97% in second quarter,0.0,0.0,0.0,0.0,1.0,0.0
2020-08-18,Walmart Blows Past Estimates in Its Second Quarter,0.125,-0.125,0.0,0.0,1.0,0.0
2020-08-18,Better Buy: Walt Disney vs. Walmart,0.5,0.5,0.4404,0.0,0.633,0.367
2020-08-18,Cramer: Walmart can't repeat blowout quarter without new coronavirus stimulus from Washington,0.45454545454545453,0.13636363636363635,0.0,0.0,1.0,0.0
2020-08-18,"Has Catalyst Arrived? Home Depot, Walmart Crush Earnings Expectations As Retail Sector Keeps Impressing",0.0,0.0,0.4404,0.094,0.702,0.205
2020-08-18,9 Companies to Invest In as U.S.-China Relations Deteriorate,0.0,0.0,0.0,0.0,1.0,0.0
2020-08-18,Walmart Earnings: WMT Stock Falls 2% Despite Q2 Beats,0.0,0.0,0.0,0.0,1.0,0.0
2020-08-18,"Walmart (WMT) Q2 Earnings Beat Estimates, E-Commerce Sales Up",0.0,0.0,0.0,0.0,1.0,0.0
2020-08-18,Walmart (WMT) Q2 Earnings and Revenues Top Estimates,0.5,0.5,0.2023,0.0,0.795,0.205
2020-08-18,"Walmart, Kohl's Q2 Results Tops Estimates ",0.0,0.0,0.5106,0.0,0.602,0.398
2020-08-18,"Walmart climbs 6% after earnings crush estimates, boosted by online shopping (WMT)",0.0,0.0,0.2263,0.113,0.709,0.177
2020-08-18,Walmart posts biggest growth in online sales,0.0,0.0,0.3818,0.0,0.698,0.302
2020-08-18,Walmart pushes ahead as pandemic winner,0.0,0.0,0.5859,0.0,0.568,0.432
2020-08-18,Walmart Q2 Adj. Profit Beats Estimates; Walmart U.S. ECommerce Sales Up 97% ,0.0,0.0,0.4404,0.0,0.791,0.209
2020-08-18,"Market Snapshot: S&P 500, Nasdaq score record closes, as stock reclaim perch at all-time highs",0.0,0.0,0.0,0.0,1.0,0.0
2020-08-18,"Walmart stock jumps after earnings blow past estimates, online sales nearly double",0.125,-0.125,0.0,0.0,1.0,0.0
2020-08-18,Walmart Inc. Q2 adjusted earnings Beat Estimates,0.0,0.0,0.0,0.0,1.0,0.0
2020-08-18,Walmart U.S. Q2 comp sales grew 9.3% and Walmart U.S. eCommerce sales grew 97%,0.0,0.0,0.0,0.0,1.0,0.0
2020-08-18,"Walmart second-quarter results crush estimates, as e-commerce sales jump 97%",0.0,0.0,-0.1531,0.151,0.849,0.0
2020-08-17,"Cramer on what to expect in Walmart, Home Depot, Lowe's and Target earnings",0.0,0.0,0.0,0.0,1.0,0.0
2020-08-17,Walmart Earnings Ahead: Eyeing Operating Costs And Impending Release Of Walmart+,0.0,0.0,0.0,0.0,1.0,0.0
2020-08-17,"Walmart, Target, Home Depot and NVIDIA are part of Zacks Earnings Preview",0.0,0.0,0.0,0.0,1.0,0.0
2020-08-17,Invest in Fluz App to Get MLM Fun Without the Sleaze,0.2,0.3,0.0431,0.203,0.583,0.214
2020-08-17,You Don’t Have to Be Einstein to See the Value in Genius Brands,0.0,0.0,0.34,0.0,0.833,0.167
2020-08-17,"Shouldn't $10,000 Invested in Walmart During the COVID-19 Pandemic Be Worth More Than This?",0.3,0.4,0.2263,0.0,0.872,0.128
2020-08-17,Earnings Preview: What To Expect From Walmart On Tuesday,0.0,0.0,0.0,0.0,1.0,0.0
2020-08-17,Here's what Wall Street expects from Walmart's earnings,0.0,0.0,0.0,0.0,1.0,0.0
2020-08-17,7 REITs to Buy for Big-Time Yields,0.0,0.0,0.0,0.0,1.0,0.0
2020-08-17,Give Walmart Stock a Break Ahead of Earnings,0.0,0.0,0.0,0.0,1.0,0.0
2020-08-17,AgEagle Aerial Systems’ Pivot Just Might Pan Out,0.0,0.0,0.0,0.0,1.0,0.0
2020-08-16,Is Walmart a Great Dividend Stock?,0.75,0.8,0.6249,0.0,0.494,0.506
2020-08-15,Walmart Earnings: What to Watch,0.0,0.0,0.0,0.0,1.0,0.0
2020-08-14,"Walmart extending store hours at about 4,000 stores starting Monday",0.1,0.0,0.0,0.0,1.0,0.0
2020-08-14,Walmart Adds Crypto Cashback Through Shopping Loyalty Platform StormX,0.0,0.0,0.5423,0.0,0.696,0.304
2020-08-14,Buy the Dip Because BigCommerce Stock Is a Winner,0.0,0.0,0.5859,0.0,0.648,0.352
2020-08-14,Costco Is A Better Bet Than Walmart,0.5,0.5,0.4404,0.0,0.633,0.367
2020-08-14,Retailers’ Healthcare Ventures Momentum Not Shaken by Departures,0.0,0.0,0.0572,0.0,0.851,0.149
2020-08-13,Buy Recently Stalling Walmart (WMT) Stock ahead of Q2 Earnings?,0.25,0.0,-0.2023,0.167,0.833,0.0
2020-08-13,Walmart Adds Feather to its Delivery Cap With Instacart Deal ,0.0,0.0,0.0,0.0,1.0,0.0
2020-08-13,"Nobody knows what Trump's executive order on WeChat means — and it's making US business leaders worried (AAPL, F, DIS, WMT)",0.0,0.0,-0.296,0.104,0.896,0.0
2020-08-13,Surging Free Cash Flow Makes Walmart a Star,0.8,0.4,0.5106,0.0,0.645,0.355
2020-08-13,Splash Beverage Group Inc.'s SALT Naturally Flavored Tequila Now Available at Select Walmart locations via Republic National Distributing Company,0.4,0.25,0.0,0.0,1.0,0.0
2020-08-13,"With Higher-than-Walmart  FCF Margins, Target Stock Merits Richer Valuation",0.0,0.0,0.7269,0.0,0.534,0.466
2020-08-12,There Are Huge Growth Opportunities for Plug Power,0.9,0.4000000000000001,0.7579,0.0,0.4,0.6
2020-08-12,5 American Stocks to Buy,0.0,0.0,0.0,0.0,1.0,0.0
2020-08-12,Factors to Analyze as Walmart (WMT) Readies for Q2 Earnings,0.0,0.0,0.0,0.0,1.0,0.0
2020-08-12,Walmart Chile deploys Geek+ robots for warehouse operations,0.0,0.0,0.0,0.0,1.0,0.0
2020-08-11,Weighing the Market Impact of the President’s Executive Orders,0.0,0.0,0.0,0.0,1.0,0.0
2020-08-11,Walmart and Instacart to Finally Partner on Grocery Delivery in the U.S.,1.0,0.0,0.0,0.0,1.0,0.0
2020-08-11,"Kroger.com Takes Aim at Amazon, Walmart With Expanded Ship-to-Home Marketplace",0.0,0.0,0.1779,0.0,0.841,0.159
2020-08-11,Earnings Preview: Walmart (WMT) Q2 Earnings Expected to Decline,0.4,-0.1,0.0,0.0,1.0,0.0
2020-08-11,3 Reasons to Buy Target Stock Now,0.0,0.0,0.0,0.0,1.0,0.0
2020-08-11,7 Super Stable Dividend Stocks to Buy Now,0.6666666666666666,0.3333333333333333,0.7269,0.0,0.45,0.55
2020-08-11,Line Your Pockets With These 7 Value Stocks,0.0,0.0,0.34,0.0,0.714,0.286
2020-08-11,Why and How to Land Long Position in AgEagle Aerial Systems Stock,0.4,-0.05,0.0,0.0,1.0,0.0
2020-08-11,Invest in TerraCycle Stock to Buy a Stake in the Future of Consumption,0.125,0.0,0.0,0.0,1.0,0.0
2020-08-11,FuelCell Energy’s Science is Alluring but That’s Not the Question,0.0,0.0,0.0,0.0,1.0,0.0
2020-08-10,Walmart (WMT) Outpaces Stock Market Gains: What You Should Know,0.0,0.0,0.34,0.0,0.789,0.211
2020-08-10,"The Zacks Analyst Blog Highlights: Home Depot, Walmart, UnitedHealth, McDonald's  and Johnson & Johnson",0.0,0.0,0.0,0.0,1.0,0.0
2020-08-10,"Walmart to Host Second Quarter Earnings Conference Call on Aug. 18, 2020",0.0,0.0,0.0,0.0,1.0,0.0
2020-08-10,Investors Shouldn’t Pull the Trigger on Genius Brands Stock Yet,0.0,0.0,0.0,0.0,1.0,0.0
2020-08-08,"More salmonella cases linked to onions with recalls now at Publix, Giant Eagle, Walmart, Kroger, H-E-B",0.75,0.25,0.0,0.0,1.0,0.0
2020-08-07,"After Elon Musk criticized Bernie Sanders' brand of socialism, Sanders took him to task for taking billions of dollars in government support (TSLA, AMZN, FB, WMT)",0.0,0.0,0.0516,0.086,0.822,0.092
2020-08-07,"With half of its business at retailers like Walmart and Amazon, Wrangler parent Kontoor Brands is ‘winning with the winners’",0.4583333333333333,0.16666666666666669,0.4939,0.0,0.811,0.189
2020-08-07,The Top 7 Blue-Chip Stocks for the Rest of 2020,0.5,0.5,0.2023,0.0,0.816,0.184
2020-08-07,"As Plug Power Stock Surges, Take Profits Before It Falls to Earth",0.0,0.0,0.4404,0.0,0.791,0.209
2020-08-07,UPS tacks on extra fees to prep for huge holiday rush,0.5,0.20000000000000004,0.6124,0.0,0.643,0.357
2020-08-07,Expanding Addressable Markets Will Push Plug Power Stock Higher,0.5,0.25,0.0,0.0,1.0,0.0
2020-08-07,Once-Stuck Kroger Stock Gets Out of First Gear as Essential During Virus,0.31666666666666665,0.125,0.0,0.0,1.0,0.0
2020-08-06,"Genius Brands Stock Trades On Sentiment, Not Fundamentals",0.0,0.0,0.0,0.0,1.0,0.0
2020-08-06,Bank of America details 7 reasons to buy discount store stocks as earnings reports loom,0.0,0.0,-0.2263,0.128,0.872,0.0
2020-08-06,The Best Dividend Stocks to Buy in 9 Sectors,0.3,1.0,0.6369,0.0,0.625,0.375
2020-08-05,Walmart Rolling Out Drive-in Movie Theater Experience ,0.0,0.0,0.0,0.0,1.0,0.0
2020-08-05,Walmart Stock Slips As It Delays Amazon Prime Competitor Once Again,0.0,0.0,0.1779,0.0,0.855,0.145
2020-08-05,Walmart Begins Transforming Its Parking Lots Into Drive-In Theaters Next Week,0.0,0.0,0.0,0.0,1.0,0.0
2020-08-05,Overstock Could Be the First Real Amazon Competitor,0.31666666666666665,0.225,0.1779,0.0,0.805,0.195
2020-08-05,Walmart To Transform Parking Lots Into Outdoor Cinemas With Walmart Drive-in ,0.0,0.0,0.0,0.0,1.0,0.0
2020-08-05,What Makes FuelCell Unique Is What Makes It a Risky Buy,1.0,0.375,-0.2023,0.167,0.833,0.0
2020-08-05,Why Earnings Could Set the Long-Term Direction of Plug Power Stock,0.0,0.0,0.0,0.0,1.0,0.0
2020-08-04,7 of the Best Stocks for 2020 That Could See a Post-COVID Rebound,0.3,1.0,0.6369,0.0,0.704,0.296
2020-08-04,The Experts Have No Clue How Cheap Amazon Stock Really Is,0.44999999999999996,0.30000000000000004,-0.128,0.171,0.698,0.132
2020-08-03,Walmart (WMT) Stock Sinks As Market Gains: What You Should Know,0.0,-0.1,0.34,0.0,0.806,0.194
2020-08-03,"Genius Brands' Rainbow Rangers Now at Walmart, Amazon Under Mattel’s Fisher-Price Banner",0.0,0.0,0.1779,0.0,0.866,0.134
2020-08-02,El Paso marks Walmart shooting anniversary amid pandemic,0.0,0.0,0.0,0.0,1.0,0.0
2020-07-31,4 Upcoming IPOs Set to Be Hot in 2020,0.8500000000000001,0.25,0.0,0.0,1.0,0.0
2020-07-31,Impossible Foods' Plant-based Burger At Walmart Stores ,1.0,-0.6666666666666666,0.0,0.0,1.0,0.0
2020-07-31,3 Warren Buffett Stocks to Hold for the Next 10 Years,0.0,0.0,0.0,0.0,1.0,0.0
2020-07-31,Strong Earnings Confirm Shopify As a Long-Term Winner,0.7333333333333333,0.4333333333333333,0.7964,0.0,0.413,0.587
2020-07-30,GS Mortgage Securities Trust 2012-GCJ7 -- Moody's affirms five and downgrades five classes of GSMS 2012-GCJ7,0.0,0.0,0.6705,0.0,0.718,0.282
2020-07-30,"Walmart to Carry Impossible Foods’ Plant-Based Burgers in 2,100 Stores",1.0,-0.6666666666666666,0.0,0.0,1.0,0.0
2020-07-30,Impossible Foods starts selling in Walmart and expands distribution of its new sausage product,0.7272727272727273,-0.26515151515151514,0.1027,0.0,0.903,0.097
2020-07-30,Here’s Why Fastly Is a Winner in the Virtual World,0.6,0.2,0.5859,0.0,0.678,0.322
2020-07-29,"Outside the Box: Amazon is clobbering Walmart in consumer spending, according to debit-card transactions ",0.05,0.0,0.1779,0.0,0.884,0.116
2020-07-29,"Walmart launches its own voice assistant, ‘Ask Sam,’ initially for employee use",0.5,0.3,0.0,0.0,1.0,0.0
2020-07-29,3 Retail Stocks to Sell Covered Calls On,0.0,0.0,0.0,0.0,1.0,0.0
2020-07-29,5 Value Stocks That Will Survive a Trump Reelection,0.0,0.0,0.34,0.0,0.714,0.286
2020-07-29,"Holiday shopping is changing amid COVID-19 pandemic with Best Buy, Kohl's, Walmart, Target closed Thanksgiving",0.2,0.45,0.7845,0.0,0.653,0.347
2020-07-29,"Walmart rolls out new 'Ask Sam' tool to store employees to help shoppers find products, prices",0.45454545454545453,0.13636363636363635,0.4019,0.0,0.847,0.153
2020-07-29,Walmart Is Raising An Army Of Retailers To Beat Amazon,0.0,0.0,0.1779,0.0,0.841,0.159
2020-07-29,Walmart Said Seeking September Bids for $10 billion U.K. Arm,0.0,0.0,0.0,0.0,1.0,0.0
2020-07-29,Costco Stock Is One of Those You Can Hold Forever,0.0,0.0,0.0,0.0,1.0,0.0
2020-07-28,Report: Walmart Soliciting September Bids for U.K. Supermarket Asda,0.0,0.0,0.0,0.0,1.0,0.0
2020-07-28,9 Stocks for Beginners to Buy to Start Their Investing Experience,0.0,0.0,0.0,0.0,1.0,0.0
2020-07-28,7 Big Data Stocks to Watch for the Cloud Era,0.1,0.0,0.0,0.0,1.0,0.0
2020-07-27,"Morgan Stanley analysts listed 5 key reasons Walmart's new membership program can stand out and compete successfully with Amazon Prime (WMT, AMZN)",0.8015151515151514,0.29545454545454547,0.5994,0.0,0.795,0.205
2020-07-27,5 Election Stocks to Buy as the Race Heats Up,0.0,0.0,0.0,0.0,1.0,0.0
2020-07-27,"Walmart Marketplace seller additions surge following Shopify deal, up 3x from January",0.1,0.0,0.0,0.0,1.0,0.0
2020-07-27,"Don’t Be Fooled, Walmart Stock Is Still Not a Growth Stock",0.0,0.0,-0.5837,0.374,0.626,0.0
2020-07-27,"The Zacks Analyst Blog Highlights: Amazon, Walmart, Google, Facebook and Netflix",0.0,0.0,0.1779,0.0,0.855,0.145
2020-07-27,10 Online Retail Stocks to Stick With as Covid-19 Cases Spike,0.0,0.0,0.0,0.0,1.0,0.0
2020-07-26,Couple wears swastika masks in Minnesota Walmart,0.0,0.0,0.0,0.0,1.0,0.0
2020-07-24,"The Zacks Analyst Blog Highlights: Microsoft, Apple, Home Depot and Walmart",0.0,0.0,0.0,0.0,1.0,0.0
2020-07-24,Luckin Coffee’s Hopes for a Recovery Got Trumped,0.0,0.0,0.4215,0.0,0.682,0.318
2020-07-24,7 Growth Stocks Prepared for a Summer Surge,0.0,0.0,0.5423,0.0,0.471,0.529
2020-07-24,"Ikea, Walmart and McDonald’s have all quietly pulled their Facebook advertising spend",0.3333333333333333,0.0,0.0,0.0,1.0,0.0
2020-07-23,The 8 Most Reliable Blue-Chip Stocks In the Market Today,0.5,0.5,0.0,0.0,1.0,0.0
2020-07-23,Walmart shopper charged with pulling gun during mask dispute,0.0,0.0,-0.7096,0.535,0.465,0.0
2020-07-23,Walmart Moves To Strengthen Position In Hot Foreign Market Vs. Amazon,0.48750000000000004,0.0625,0.4588,0.0,0.692,0.308
2020-07-23,Walmart Sells Indian Wholesale Business to E-Commerce Giant Flipkart,1.0,0.0,0.0,0.0,1.0,0.0
2020-07-23,"UPS Stock Is All Set for Continued, Long-Term Growth on Current Trends",0.4,0.0,0.3818,0.0,0.809,0.191
2020-07-23,Does Walmart Have More Upside?,0.5,0.5,0.0,0.0,1.0,0.0
2020-07-23,How Far Can Costco Stock Rally After Its Recent Breakout?,0.625,0.05,0.0,0.0,1.0,0.0
2020-07-22,Major Retailers Partner To Find Alternatives To Plastic Bags ,0.5,0.0625,0.0,0.0,1.0,0.0
2020-07-22,Plug Power Stock Offers Serious Momentum,0.3333333333333333,-0.11666666666666665,-0.0772,0.206,0.794,0.0
2020-07-22,eBay Needs a Better Reputation and Higher Annual Sales,0.5,0.375,0.4404,0.0,0.707,0.293
2020-07-22,"Walmart Rewards Employees, Unveils Another Special Bonus  ",0.5714285714285714,0.35714285714285715,0.8519,0.0,0.301,0.699
2020-07-22,Alpha Pro Tech Is a Covid-19 Stock Built for the Long Haul,0.4,-0.05,0.0,0.0,1.0,0.0
2020-07-22,Yahoo Mail users can now by Walmart groceries directly from their inbox,0.4,0.1,0.0,0.0,1.0,0.0
2020-07-22,This E-Commerce Platform Is a Serious Value Driver for Walmart Stock,0.6666666666666666,-0.3333333333333333,0.2732,0.111,0.684,0.205
2020-07-22,3 Reasons to Stock Up on Albertsons Companies,0.0,0.0,0.0,0.0,1.0,0.0
2020-07-21,7 Stocks for Beginners,0.0,0.0,0.0,0.0,1.0,0.0
2020-07-21,Walmart Is Paying $428 Million in a Fresh Wave of Bonuses,0.5,0.3,0.7096,0.0,0.576,0.424
2020-07-21,Walmart to close its stores on Thanksgiving Day,0.0,0.0,0.0,0.0,1.0,0.0
2020-07-21,"Walmart to spend an additional $428 million on worker bonuses, bringing the total to $1.1 billion",0.75,0.0,0.5574,0.0,0.806,0.194
2020-07-21,"Walmart To Pay Another Bonus, Close Its U.S. Stores On Thanksgiving Day ",0.0,0.0,0.4767,0.094,0.671,0.235
2020-07-21,"Walmart, McDonalds, and Geico are the latest companies to reportedly pull advertising from Facebook amid a growing boycott, costing the tech giant millions (FB, MCD, WMT, K, ALL, KSS, PTON, DELL, D)",0.95,0.25,-0.1531,0.07,0.879,0.052
2020-07-21,Now You Can Buy Groceries at Walmart Using Yahoo! Mail,0.0,0.0,0.0,0.0,1.0,0.0
2020-07-21,Walmart restarts talks with investors over Asda sale,0.0,0.0,0.0,0.0,1.0,0.0
2020-07-20,Walmart (WMT) Stock Sinks As Market Gains: What You Should Know,0.0,-0.1,0.34,0.0,0.806,0.194
2020-07-20,"Morgan Stanley thinks Walmart's new subscription service will boost its ability to take on Amazon Prime (AMZN, WMT)",0.45454545454545453,0.13636363636363635,0.6908,0.0,0.691,0.309
2020-07-20,Walmart revives talks about Asda supermarket sale,0.0,0.0,0.3818,0.0,0.698,0.302
2020-07-20,Walmart revives talks to sell a stake in UK’s Asda ,0.0,0.0,0.3818,0.0,0.755,0.245
2020-07-20,3 Top Stock Trades for the Week Ahead That Are From China,0.5,0.5,0.2023,0.0,0.847,0.153
2020-07-20,Walmart partners with Yahoo Mail for online grocery program,0.0,0.0,0.0,0.0,1.0,0.0
2020-07-20,Walmart restarts talks over sale of Asda stake,0.0,0.0,0.0,0.0,1.0,0.0
2020-07-20,Is Walmart Stock a Buy?,0.0,0.0,0.0,0.0,1.0,0.0
2020-07-20,"At $9/Share, Be Careful With Plug Power Stock",1.0,-0.1,0.1531,0.0,0.814,0.186
2020-07-20,National Vision Extends Long-Standing Partnership With Walmart By Three Years - Quick Facts ,0.5,0.3333333333333333,0.3612,0.0,0.741,0.259
2020-07-20,Diversification Helps Uber Break Into New Markets,0.45454545454545453,0.13636363636363635,0.3818,0.0,0.698,0.302
2020-07-18,Better Buy: Amazon vs. Walmart,0.5,0.5,0.5574,0.0,0.395,0.605
2020-07-16,GoodRx Looks to Disrupt the Massive Healthcare Market,1.0,0.0,0.0,0.0,1.0,0.0
2020-07-16,Video: Walmart shopper pulls gun on man in dispute over mask,0.0,0.0,-0.6249,0.362,0.638,0.0
2020-07-16,How Ivanka Trump Can Make or Break Plug Power,0.0,0.0,0.0,0.0,1.0,0.0
2020-07-16,"Forget Dollar Tree, Walmart Is a Better Retail Stock",0.5,0.5,0.25,0.176,0.556,0.269
2020-07-15,"Walmart, America’s largest retailer, to require customers wear masks",0.0,0.0,0.0,0.0,1.0,0.0
2020-07-15,"Walmart, CVS, Lowe’s among the retailers that will start requiring face coverings on Monday",0.0,0.0,0.0,0.0,1.0,0.0
2020-07-15,Walmart to require face masks for all US customers,0.0,0.0,0.0,0.0,1.0,0.0
2020-07-15,3 Cosmetics Stocks to Freshen Up Your Holdings,0.0,0.0,0.0,0.0,1.0,0.0
2020-07-15,3 Dow Jones Stocks to Buy Right Now,0.5357142857142857,0.2857142857142857,0.0,0.0,1.0,0.0
2020-07-15,Walmart to Require Masks in Stores,0.0,0.0,0.0,0.0,1.0,0.0
2020-07-15,Walmart to require customers to wear masks at all its stores,0.0,0.0,0.0,0.0,1.0,0.0
2020-07-15,Why Smart Investors Scoop Up Walmart No Matter the Price,0.6428571428571429,0.21428571428571427,0.296,0.162,0.441,0.397
2020-07-15,Amazon: The Pearl of Great Price Is Overpriced,0.75,0.8,0.7003,0.0,0.508,0.492
2020-07-15,Walmart to require face coverings at all its U.S. stores starting July 20,0.1,0.0,0.0,0.0,1.0,0.0
2020-07-15,Hanesbrands upgraded on sales at major retailers like Walmart and potential market share gains from Victoria's Secret store closures,0.7333333333333334,-0.1125,0.7269,0.0,0.693,0.307
2020-07-15,Walmart Has an Edge on Walgreens in New Primary Care Battlefront,0.4772727272727273,0.2681818181818182,0.25,0.153,0.625,0.222
2020-07-14,Walmart (WMT) Outpaces Stock Market Gains: What You Should Know,0.0,0.0,0.34,0.0,0.789,0.211
2020-07-14,Walmart Leads $1.2 Billion Funding Round of Flipkart in India,0.4,-0.2,0.0,0.0,1.0,0.0
2020-07-14,"Dow Jones Jumps as JPMorgan Beats Earnings Estimates, Walmart -- Prime's Competitor -- Praised",0.0,0.0,0.4939,0.0,0.802,0.198
2020-07-14,Walmart's CEO won't commit to requiring masks in all stores — but says it's 'on our minds' (WMT),0.0,0.0,-0.1139,0.083,0.917,0.0
2020-07-14,Walmart leads $1.2bn investment into India’s Flipkart,0.0,0.0,0.0,0.0,1.0,0.0
2020-07-14,Walmart & 3 Other Retailers Stand Out on E-commerce Boom,0.375,-0.125,0.0,0.0,1.0,0.0
2020-07-14,Walmart Says SNAP Beneficiaries Can Now Access Its Pickup And Delivery Services ,0.0,0.0,0.4215,0.0,0.797,0.203
2020-07-14,Chewy Stock Benefits Your Wallet and Your Furry Friends,0.0,0.0,0.6908,0.0,0.551,0.449
2020-07-14,India’s Flipkart secures $1.2 billion from Walmart and other shareholders,0.375,-0.125,0.3182,0.0,0.796,0.204
2020-07-13,Nikola Stock Might Be Caught in an EV Bubble,0.0,0.0,0.0,0.0,1.0,0.0
2020-07-13,"With New Subscription Service Rollout, It’s Time to Take Walmart Seriously",0.5606060606060606,-0.09848484848484848,-0.1779,0.145,0.855,0.0
2020-07-13,Does Walmart’s Amazon Prime Killer Make the Stock a Buy?,0.0,0.0,-0.5574,0.331,0.538,0.131
2020-07-10,"The Zacks Analyst Blog Highlights: Amazon, Walmart, Big Lots, Kroger, Costco and Shopify",0.1,0.0,0.1779,0.0,0.876,0.124
2020-07-10,Stay Invested in eBay to Benefit From its Growth,0.0,0.0,0.6808,0.0,0.556,0.444
2020-07-10,The 7 Best Dividend-Paying Stocks for Cautious Investors,0.3,1.0,0.5859,0.132,0.472,0.396
2020-07-09,"Moody's – Supermarkets see record sales for 2020 as coronavirus spurs food shopping frenzy, but gains will not last",0.06666666666666667,0.0,0.3506,0.08,0.771,0.149
2020-07-09,The 7 Best Stocks to Invest in Right Now,0.4178571428571428,0.6428571428571428,0.6369,0.0,0.625,0.375
2020-07-09,"The Zacks Analyst Blog Highlights: Walmart, BHP, International Business Machines, Costco Wholesale and Morgan Stanley",0.0,0.0,0.0,0.0,1.0,0.0
2020-07-09,Is Amazon's Dominance Under Threat Due to Walmart & Others?,0.375,-0.125,-0.3818,0.279,0.574,0.148
2020-07-09,"Walmart Offers Easy, Contact-free Shopping For Back-to-school Essentials ",0.4166666666666667,0.26666666666666666,0.4404,0.0,0.707,0.293
