Date,Tweet Text,Compound,Negative,Neutral,Positive
2020-12-11,"FWSells $WMT WALTON ALICE L, 10%-owner of Walmart Inc. sold 1,131,053 shares on 2020-12-11. ",0.296,0.0,0.855,0.145
2020-12-11,Walmart Prepares to Spearhead Vaccine Distribution  stocks $WMT ,0.0,0.0,1.0,0.0
2020-12-11,"FWSells $WMT WALTON S ROBSON, 10%-owner,Director of Walmart Inc. sold 1,131,053 shares on 2020-12-11. ",0.296,0.0,0.845,0.155
2020-12-11,"RT ______: When $VSBY $VSBGF CEO Jay Hutton mentions Walmart $WMT and Walgreens $WBA are pursuing store as media opportunities, a…",0.3818,0.0,0.885,0.115
2020-12-11,"Walmart Inc (WMT) price at close, 2020-12-11, is 147.",0.0,0.0,1.0,0.0
2020-12-11,"RT ______: When $VSBY $VSBGF CEO Jay Hutton mentions Walmart $WMT and Walgreens $WBA are pursuing store as media opportunities, a…",0.3818,0.0,0.885,0.115
2020-12-11,"RT ______: When $VSBY $VSBGF CEO Jay Hutton mentions Walmart $WMT and Walgreens $WBA are pursuing store as media opportunities, a…",0.3818,0.0,0.885,0.115
2020-12-11,"When $VSBY $VSBGF CEO Jay Hutton mentions Walmart $WMT and Walgreens $WBA are pursuing store as media opportunities, assume they are in talks! Already partnered with $BUD, and in talks with Coke $KO or Pepsi $PEP. Soon to announce terms with intel $INTC already in production📈",0.4389,0.0,0.94,0.06
2020-12-11,     This really depends on your goal:Agressive - BTCConservative - AMZNin-between - TSLAor Just go w/ WMT for a better balance as I see Walmart+ can take on $AMZN Prime seriously.,0.296,0.062,0.833,0.105
2020-12-11,Walmart Prepares to Spearhead Vaccine Distribution $WMT  $SPY,0.0,0.0,1.0,0.0
2020-12-11, $WMT Walmart is preparing to administer the COVID-19 vaccine once approved,0.4215,0.0,0.781,0.219
2020-12-11,$WMT + is not getting the attention it deserves. Walmart is already the largest grocer in the country and have now added an extremely competent e-commerce piece to the puzzle. Can't get enough of Walmart! tyi,0.4376,0.0,0.922,0.078
2020-12-11,I'm not a huge fan of  BUT I have had great experiences grocery pickup. Here’s $10 to try it.   groceries grocerypickup,0.6896,0.12,0.65,0.23
2020-12-11,Some of the largest stocks that hit new 1 month lows so far todayWalmart $WMT$PGNvidia $NVDAAbbott $ABTSanofi $SNYLockheed $LMTAmerican Tower $AMTMondelez $MDLZEquinix $EQIXHumana $HUMRegeneron $REGNGrumman $NOCWaste Management $WML3 $LHX$SPGISplunk $SPLK$XP,-0.2023,0.06,0.94,0.0
2020-12-11,How much revenue will the grocery industry lose to $AMZN and $WMT's respective e-commerce grocery options as a result of COVID and the inconvenience of mask mandates? How many of the big box grocers will remain standing in 5-10 years?wholefoods amazonfresh amazon Walmart,-0.264,0.116,0.791,0.094
2020-12-11,Here's how the largest stocks are performing todayApple $AAPL -2.16%Microsoft $MSFT +0.3%Amazon $AMZN -0.64%Alphabet $GOOG -0.7%Facebook $FB -1.77%Alibaba $BABA -0.7%Tesla $TSLA -3.85%Berkshire $BRK.B -1.1%Taiwan Semi $TSM -0.96%Visa $V -1.29%Walmart $WMT -0.22%,0.0,0.0,1.0,0.0
2020-12-11,3 Factors Leading Walmart's E-Commerce Business Toward Profitability | The Motley Fool  by  of  ,-0.2023,0.193,0.667,0.14
2020-12-11, $WMT Walmart - Unusual Bullish Options Activity $300M+ of Jan'21 deep ITM calls traded yesterday …,0.0,0.0,1.0,0.0
2020-12-11, $WMT Walmart looking primed for a bounce here soonTarget: $160 possible by month end ,0.0,0.0,1.0,0.0
2020-12-11,"Retail giants like Walmart $WMT, Target $TGT, and Kroger $KR have been looking to expand their online advertisement regime for higher profits previously but they got a boost with the onset of the pandemic.walmart target ",0.7845,0.0,0.771,0.229
2020-12-11,Primo Nutraceuticals $PRMO.ca Partner To Sell Goods Via Walmart $WMT $MRS.ca $FTI.ca $MMM $HON $MSA ,0.0,0.0,1.0,0.0
2020-12-11,"Early Shipping Deadlines Could Help Walmart, Target, and Other Retailers This Holiday. $WMT $TGT 📦📦🇺🇸 ",0.6597,0.0,0.707,0.293
2020-12-11,$HIPH - Its Vanexxe topical product for varicose veins sold by $WMT Walmart . A CBD Hemp infused version is in development to launch early 2021  $CBDD $CBDL $ARCS $SKDI $TSNP,0.0,0.0,1.0,0.0
2020-12-11,Marianna Naturals Corp. Announces It Has Been Approved as a Walmart $WMT Marketplace Seller  StockMarket,0.4215,0.0,0.823,0.177
2020-12-11,"Early Shipping Deadlines Could Help Walmart, Nordstrom, and Other Retailers This Holiday $WMT $TGT $JWN $ETSY $SFIX ",0.6597,0.0,0.735,0.265
2020-12-11,"Asda paid parent Walmart $1.52 billion dividend in March, annual report shows $WMTThe story 👇 ",0.0,0.0,1.0,0.0
2020-12-11," $OPTI - Walmart Will Need a Significant Amount of PPE For Customers, Employees and Healthcare Workers For the Next Coup…",0.2023,0.0,0.904,0.096
2020-12-11, Largest MKT Cap stocks that were negative todayMicrosoft $MSFT -0.6%Amazon $AMZN -0.09%Google $GOOG -0.49%Facebook $…,-0.5719,0.209,0.791,0.0
2020-12-11, Worst performing mega cap ($200B+ MKT cap) stocks from todayIntel $INTC -3.43%Coca-Cola $KO -1.6%Alibaba $BABA -1.22%…,-0.6249,0.215,0.785,0.0
2020-12-11,"$OPTI - Walmart Will Need a Significant Amount of PPE For Customers, Employees and Healthcare Workers For the Next Couple Years to Administer Covid19 Vaccine to Country WalmartHealth Clover $IPOC $WMT",0.2023,0.0,0.94,0.06
2020-12-11, $WMT Walmart is preparing to administer the COVID-19 vaccine once approved,0.4215,0.0,0.781,0.219
2020-12-11,Post Flipkart ipon$ms says $wmt will bet big on m&amp;a in india ,0.0,0.0,1.0,0.0
2020-12-11, Most active stocks in today's pre-market tradingTesla $TSLAPfizer $PFEAmerican $AALApple $AAPL$GEVirgin Galactic $…,0.4576,0.0,0.8,0.2
2020-12-11, Current market caps of the largest stocksApple $AAPL $2.1TMicrosoft $MSFT $1.62TAmazon $AMZN $1.6TAlphabet $GOOG $1.…,0.0,0.0,1.0,0.0
2020-12-11, Best performing mega-cap stocks ($200B+ MKT Cap) so far todayAT&amp;T $TPfizer $PFE$JNJMicrosoft $MSFTMerck $MRKWalmar…,0.6369,0.0,0.756,0.244
2020-12-11," Walmart is preparing 5000+ Walmart and Sam’s Club pharmacies to receive the vaccine, .. “including making sure we have…",0.3182,0.0,0.887,0.113
2020-12-11,"Best Stocks of the Year: Walmart, Apple, Nvidia - TheStreetTheStreet and RealMoney writers and editors chose 2020's top stocks based on results and overall story.$WMT$AAPL$NVDA  ✅ ",0.7184,0.0,0.786,0.214
2020-12-11, $WMT Walmart is preparing to administer the COVID-19 vaccine once approved,0.4215,0.0,0.781,0.219
2020-12-11, $WMT Walmart is preparing to administer the COVID-19 vaccine once approved,0.4215,0.0,0.781,0.219
2020-12-11, $WMT Walmart is preparing to administer the COVID-19 vaccine once approved,0.4215,0.0,0.781,0.219
2020-12-11, $WMT Walmart is preparing to administer the COVID-19 vaccine once approved,0.4215,0.0,0.781,0.219
2020-12-11,$WMT Walmart is preparing to administer the COVID-19 vaccine once approved,0.4215,0.0,0.781,0.219
2020-12-11, $WMT - Walmart mobilizes to help in vaccination distribution ,0.4019,0.0,0.722,0.278
2020-12-11," Walmart is preparing 5000+ Walmart and Sam’s Club pharmacies to receive the vaccine, .. “including making sure we have…",0.3182,0.0,0.887,0.113
2020-12-11," Walmart is preparing 5000+ Walmart and Sam’s Club pharmacies to receive the vaccine, .. “including making sure we have…",0.3182,0.0,0.887,0.113
2020-12-11," Walmart is preparing 5000+ Walmart and Sam’s Club pharmacies to receive the vaccine, .. “including making sure we have…",0.3182,0.0,0.887,0.113
2020-12-11," Walmart is preparing 5000+ Walmart and Sam’s Club pharmacies to receive the vaccine, .. “including making sure we have…",0.3182,0.0,0.887,0.113
2020-12-11," Walmart is preparing 5000+ Walmart and Sam’s Club pharmacies to receive the vaccine, .. “including making sure we have…",0.3182,0.0,0.887,0.113
2020-12-11," Walmart is preparing 5000+ Walmart and Sam’s Club pharmacies to receive the vaccine, .. “including making sure we have…",0.3182,0.0,0.887,0.113
2020-12-11," Walmart is preparing 5000+ Walmart and Sam’s Club pharmacies to receive the vaccine, .. “including making sure we have…",0.3182,0.0,0.887,0.113
2020-12-11,"Walmart is preparing 5000+ Walmart and Sam’s Club pharmacies to receive the vaccine, .. “including making sure we have freezers in all our pharmacies, as well as dry ice to handle any requirements for storing ..”$WMT  ",0.5106,0.029,0.857,0.114
2020-12-11,$WMT - Walmart mobilizes to help in vaccination distribution ,0.4019,0.0,0.722,0.278
2020-12-11,"$WMTWalmart (NYSE:WMT) says it is preparing its more than 5000 pharmacies to receive vaccine doses. The preparation work includes making sure stores have freezers in all its pharmacies, as well as dry ice to handle any requirem... ",0.5106,0.028,0.861,0.111
2020-12-11,$WMT - Walmart mobilizes to help in vaccination distribution ,0.4019,0.0,0.722,0.278
2020-12-11,$WMT mobilizes to help in vaccination distribution ,0.4019,0.0,0.69,0.31
2020-12-11, $WMT - Walmart mobilizes to help in vaccination distribution ,0.4019,0.0,0.722,0.278
2020-12-11,$WMT - Walmart mobilizes to help in vaccination distribution ,0.4019,0.0,0.722,0.278
2020-12-11," Real baffling numbers here WMT REVENUES &gt;500B/YEAR TSLA REVENUES 32B / YEAR TSLA IS WORTH MORE THEN WALMART, BY A LOT.   ",0.3885,0.0,0.872,0.128
2020-12-11, Here's how the largest stocks are performing todayApple $AAPL -0.21%Microsoft $MSFT +0.3%Amazon $AMZN -0.67%Alphabet…,0.0,0.0,1.0,0.0
2020-12-11, Here's how the largest stocks performed todayApple $AAPL +0.51%Microsoft $MSFT +0.8%Amazon $AMZN +0.61%Alphabet $GOO…,0.0,0.0,1.0,0.0
2020-12-11,Walmart to triple exports of India-made goods to $10 bln per year by 2027 $WMT $AMZN ,0.0,0.0,1.0,0.0
2020-12-11,Walmart to triple exports of India-made goods to $10 billion per year by 2027 $WMT $AMZN ,0.0,0.0,1.0,0.0
2020-12-11, Here's how the largest stocks are performing todayApple $AAPL -1.71%Microsoft $MSFT -1.151%Amazon $AMZN -1.91%Alphab…,0.0,0.0,1.0,0.0
2020-12-11,FarmBills are opportunities for $wmt to get in groceries SupplyChains foodproccesing &amp; dairy ,0.3818,0.0,0.822,0.178
2020-12-11,"@_Kyraaaaaaaa Hi Kyra! We're always available online! Start your order with us through our website, and pick it up curbside when we open!  🚙",0.0,0.0,1.0,0.0
2020-12-11, This relationship is just gonna grow.    $wmt $ipoc ,0.0,0.0,1.0,0.0
2020-12-11,Amazon is hoping that cutting delivery times to one day for Prime members will let it outmaneuver rivals such as Walmart Inc (WMT.N) that have marketed two-day shipping without subscription fees.  via  Business CloudComputing,0.4588,0.041,0.838,0.122
2020-12-11,"RT _repko: Just in: Walmart is preparing to administer Covid-19 vaccines at stores across the U.S., once they're approved. https://…",0.4215,0.0,0.872,0.128
2020-12-11,This relationship is just gonna grow.    $wmt $ipoc ,0.0,0.0,1.0,0.0
2020-12-11,$WMT:New Insider Filing on Walmart Inc.'sExecutive Vice PresidentRACHEL L BRAND:,0.0,0.0,1.0,0.0
2020-12-11,Fantastic Wildlife Conservation Habitat Walmart ,0.5574,0.0,0.526,0.474
2020-12-11,"RT _repko: Just in: Walmart is preparing to administer Covid-19 vaccines at stores across the U.S., once they're approved. https://…",0.4215,0.0,0.872,0.128
2020-12-11,"Walmart prepares to administer the Covid vaccine in 5,000 pharmacies across the U.S. $WMT  $SPY",0.0,0.0,1.0,0.0
2020-12-11, WALMART CEO SAYS WE WOULD LIKE TO INVEST MORE IN COLD CHAIN AND SUPPLY CHAIN$WMT,0.3612,0.0,0.848,0.152
2020-12-11, WALMART CEO SAYS WE WOULD LIKE TO INVEST MORE IN COLD CHAIN AND SUPPLY CHAIN$WMT,0.3612,0.0,0.848,0.152
2020-12-11, WALMART CEO SAYS WE WOULD LIKE TO INVEST MORE IN COLD CHAIN AND SUPPLY CHAIN$WMT,0.3612,0.0,0.848,0.152
2020-12-11,$WMT needs a super app in india next is edtech and ikea partnership ,0.5994,0.0,0.738,0.262
2020-12-11,"  Agree on stock based comp, disagree on negative NWC. That’s how everyone from Walmart to Amazon and Aldi have financed their growth. Have a look at WMT financials from the 90s. It was profitable but “burnt” cash on capex on its store rollout.",0.1779,0.088,0.766,0.146
2020-12-11," Hey  some folks would do well to read the financial sections of any major newspaper or I dunno, turn on the M…",0.2732,0.0,0.905,0.095
2020-12-11,"Hey  some folks would do well to read the financial sections of any major newspaper or I dunno, turn on the MarketWatch report. It's amazing how much fast food and Walmart especially have raked in this year. $WMT is on track for a record earnings year. ",0.7096,0.0,0.877,0.123
2020-12-11,Largest MKT Cap stocks that were negative todayMicrosoft $MSFT -0.6%Amazon $AMZN -0.09%Google $GOOG -0.49%Facebook $FB -0.29%Berkshire $BRK.B -0.07%Taiwan Semi $TSM -0.18%Visa $V -0.94%Walmart $WMT -0.83%$JNJ -0.56%JPMorgan $JPM -0.64%$PG -0.66%Mastercard $MA -1.58%,-0.5719,0.11,0.89,0.0
2020-12-11,"$IPOC , $WMT partner and merger January 6th.  ",0.0,0.0,1.0,0.0
2020-12-11, Walmart $WMT getting into the insurance business via Clover Health which is a SPAC currently. $IPOCPretty sure this i…,0.3182,0.0,0.881,0.119
2020-12-10,"Just in: Walmart is preparing to administer Covid-19 vaccines at stores across the U.S., once they're approved.  $WMT ",0.4215,0.0,0.859,0.141
2020-12-10,$WMT:New Insider Filing on Walmart Inc.'sSenior Vice PresidentDAVID CHOJNOWSKI:,0.0,0.0,1.0,0.0
2020-12-10,"Walmart Inc (WMT) price at close, 2020-12-10, is 147.04.",0.0,0.0,1.0,0.0
2020-12-10,"RT _repko: Just in: Walmart is preparing to administer Covid-19 vaccines at stores across the U.S., once they're approved. https://…",0.4215,0.0,0.872,0.128
2020-12-10,"RT _repko: Just in: Walmart is preparing to administer Covid-19 vaccines at stores across the U.S., once they're approved. https://…",0.4215,0.0,0.872,0.128
2020-12-10,Walmart Prepares to Administer Covid-19 Vaccines at Stores Across the U.S.  $WMT $PFE $Spy,0.0,0.0,1.0,0.0
2020-12-10, WALMART CEO SAYS WE WOULD LIKE TO INVEST MORE IN COLD CHAIN AND SUPPLY CHAIN$WMT,0.3612,0.0,0.848,0.152
2020-12-10, $IPOC 👨‍⚕️🥼👩‍⚕️partnership with Walmart $trne $ipob $ipoe $ipof $snpr $inaq $pmvc $fvac $obln $kodk $gmda $onct $gtec $kbnt…,0.0,0.0,1.0,0.0
2020-12-10,"  I could see  saying“Hi welcome to Walmart, let’s get you invested into $WMT while your here”",0.4588,0.0,0.824,0.176
2020-12-10, Here's how the largest stocks are performing todayApple $AAPL +0.85%Microsoft $MSFT -0.42%Amazon $AMZN -0.23%Alphabe…,0.0,0.0,1.0,0.0
2020-12-10,When I heard Walmart $WMT was going to administer Covid vaccine at their stores all I could do was remember my last trip there. LOL!!! ,0.6607,0.0,0.833,0.167
2020-12-10,$WMT Walmart - Unusual Bullish Options Activity $300M+ of Jan'21 deep ITM calls traded yesterday ,0.0,0.0,1.0,0.0
2020-12-10,$WMT $PFE $BNTX $MRNA $AZN Walmart prepares to administer Covid vaccines at stores across U.S. ,0.0,0.0,1.0,0.0
2020-12-10,$WMT Walmart looking primed for a bounce here soonTarget: $160 possible by month end ,0.0,0.0,1.0,0.0
2020-12-10,Walmart prepares to administer Covid vaccines at stores across the U.S.  $SPY $IWM $DIA $DJI $IJH $XLK $XLV $XLP $XLU $XLY $XLC $XLB $XLF $XLI $XLE $XLRE $IUSV $IUSG $QUAL $USMV $MTUM $DGRO $VTV $TLT $SHV $BND $LQD $MINT $NEAR $HYG $WMT $TGT $RAD $WBA $CVS,0.0,0.0,1.0,0.0
2020-12-10,$WMT preparing to administer COVID-19 vaccine after U.S. approval  ,0.4767,0.0,0.721,0.279
2020-12-10,$WMT is preparing to administer the COVID-19 vaccine once approved; preparing its 5000+ Walmart &amp; Sam's Club pharmacies to receive vaccine doses.-- Sample Press Release:Brick-and-Mortar not dead yet. We will get you into ou...  ,0.7385,0.0,0.837,0.163
2020-12-10,Nothing impacts stakeholder prominence like COVID.      pay more bonuses to workers this month. WMT to extend a COVID-19 leave policy to employees through  7/5/21.  corpgov ESG,0.7574,0.085,0.652,0.264
2020-12-10,'Walmart is Preparing to Administer the COVID-19 Vaccine Once Approved' -Walmart$WMT,0.4215,0.0,0.781,0.219
2020-12-10,"✅ $WMT: ""Walmart"" mentioned during GoodRx Holdings, Inc. ""Goodrx Holdings Inc at Barclays Global Technology, Media and Telecommunications Conference"" event ",0.0,0.0,1.0,0.0
2020-12-10," Walmart $WMT, Automatic Data Processing $ADP &amp; 100 Stocks Go Ex-Dividend. Check dividend Calendar, dividends History…",0.0,0.0,1.0,0.0
2020-12-10,Here's how the largest stocks are performing todayApple $AAPL +0.85%Microsoft $MSFT -0.42%Amazon $AMZN -0.23%Alphabet $GOOG -0.45%Facebook $FB -1%Alibaba $BABA +0.16%Tesla $TSLA +0.5%Berkshire $BRK.B -0.1%Taiwan Semi $TSM -0.16%Visa $V -0.91%Walmart $WMT -0.3%,0.0,0.0,1.0,0.0
2020-12-10,  They need some good old American Walmart “the customer is always right” culture and training amongst all the staff @ Parler !  samwalton wmt CynthiaJohnson type customer support is not ok,0.6129,0.056,0.77,0.174
2020-12-10,"India is already among Walmart’s top sourcing markets for products such as jewellery and homeware, with annual exports of about $3 billion $WMT atmanirbharteamindia VocalForLocal Walmart India Business BusinessNews  ",0.2023,0.0,0.94,0.06
2020-12-10,$HIPH -Its Vanexxe topical for varicose veins developing CBD infused version of product. Vanexxe now sold by $WMT  $HTSC $SKDI $ARCS $CBDL,0.0,0.0,1.0,0.0
2020-12-10,Nothing impacts stakeholder prominence like COVID.   writes   pay more bonuses to workers this month. WMT to extend a COVID-19 leave policy to employees through 7/5/21. via   Corpgov ESG,0.7574,0.08,0.673,0.248
2020-12-10,Walmart Pledges To Triple India-Manufactured Products By 2027; Street is Bullish  markets trading stocks $WMT,0.0,0.0,1.0,0.0
2020-12-10, Testimony of AtmaNirbharBharat vocal4local india $wmt ,0.0,0.0,1.0,0.0
2020-12-10,"UPDATE 1-Flipkart and PhonePe have room for other investors, Walmart CEO says -  $WMT markets cryptocurrency",0.0,0.0,1.0,0.0
2020-12-10,Testimony of AtmaNirbharBharat vocal4local india $wmt ,0.0,0.0,1.0,0.0
2020-12-10,"Walmart $WMT getting into the insurance business via Clover Health which is a SPAC currently. $IPOCPretty sure this is going to launch into outer space upon merger. This is billions of dollars, and going to create a competitive insurance market.",0.6249,0.0,0.852,0.148
2020-12-10,WALMART CEO SAYS WE WOULD LIKE TO INVEST MORE IN COLD CHAIN AND SUPPLY CHAIN$WMT ,0.3612,0.0,0.848,0.152
2020-12-10, WALMART CEO SAYS WE WOULD LIKE TO INVEST MORE IN COLD CHAIN AND SUPPLY CHAIN$WMT,0.3612,0.0,0.848,0.152
2020-12-10,Walmart and Clover Health team up to offer Medicare Advantage plans | FierceHealthcare ... vote for walmart spac merger 6th Jan! Get in quick at these low prices IPOC WMT CLOV 🚀🚀🚀🚀🚀🚀🚀🚀🚀 ,-0.1007,0.072,0.868,0.06
2020-12-10, WALMART CEO SAYS WE WOULD LIKE TO INVEST MORE IN COLD CHAIN AND SUPPLY CHAIN$WMT,0.3612,0.0,0.848,0.152
2020-12-10," Best Stocks of the Year: Walmart, Apple, Nvidia$WMT $AAPL $NVDA",0.6369,0.0,0.682,0.318
2020-12-10, WALMART CEO SAYS WE WOULD LIKE TO INVEST MORE IN COLD CHAIN AND SUPPLY CHAIN$WMT,0.3612,0.0,0.848,0.152
2020-12-10,$WMT Walmart to triple exports of India-made goods to $10 billion per year by 2027,0.0,0.0,1.0,0.0
2020-12-10, WALMART CEO SAYS WE WOULD LIKE TO INVEST MORE IN COLD CHAIN AND SUPPLY CHAIN$WMT,0.3612,0.0,0.848,0.152
2020-12-10, WALMART CEO SAYS WE WOULD LIKE TO INVEST MORE IN COLD CHAIN AND SUPPLY CHAIN$WMT,0.3612,0.0,0.848,0.152
2020-12-10, Check this out Clover Health (merging with $IPOC) is working with Walmart ( $WMT ),0.0,0.0,1.0,0.0
2020-12-10, WALMART CEO SAYS WE WOULD LIKE TO INVEST MORE IN COLD CHAIN AND SUPPLY CHAIN$WMT,0.3612,0.0,0.848,0.152
2020-12-10, WALMART CEO SAYS WE WOULD LIKE TO INVEST MORE IN COLD CHAIN AND SUPPLY CHAIN$WMT,0.3612,0.0,0.848,0.152
2020-12-10, WALMART CEO SAYS WE WOULD LIKE TO INVEST MORE IN COLD CHAIN AND SUPPLY CHAIN$WMT,0.3612,0.0,0.848,0.152
2020-12-10, WALMART CEO SAYS WE WOULD LIKE TO INVEST MORE IN COLD CHAIN AND SUPPLY CHAIN$WMT,0.3612,0.0,0.848,0.152
2020-12-10, WALMART CEO SAYS WE WOULD LIKE TO INVEST MORE IN COLD CHAIN AND SUPPLY CHAIN$WMT,0.3612,0.0,0.848,0.152
2020-12-10,WALMART CEO SAYS WE WOULD LIKE TO INVEST MORE IN COLD CHAIN AND SUPPLY CHAIN$WMT,0.3612,0.0,0.848,0.152
2020-12-10,"Best Stocks of the Year: Walmart, Apple, Nvidia$WMT $AAPL $NVDA",0.6369,0.0,0.682,0.318
2020-12-10,WALMART CEO SAYS WE WOULD LIKE TO INVEST MORE IN COLD CHAIN AND SUPPLY CHAIN$WMT,0.3612,0.0,0.848,0.152
2020-12-10,Walmart to triple exports of India-made goods to $10 billion per year by 2027 $WMTThe story 👇 ,0.0,0.0,1.0,0.0
2020-12-10,$WMT to triple exports of India-made goods to $10 billion per year by 2027 ,0.0,0.0,1.0,0.0
2020-12-10,You can’t be “censored” on social media. It’s like going to  and screaming crazy shit then getting throw out and saying your rights were infringed. You were on $WMT property. You only had the illusion of free speech because you don’t understand business &amp; free speech laws,0.128,0.147,0.698,0.155
2020-12-10,$WMT to triple exports of India-made goods to $10 billion per year by 2027. $AMZN ,0.0,0.0,1.0,0.0
2020-12-10,"[DLBN] SCALPER ROBOTS AREBUYING UP ITEMS LIKE PLAY STATIONS ONLINE FROM STORES LIKE WMT,RESELLING THEM SECONDS LATER AT A HIGHER PRICE ON EBAY &amp; AMAZON. Walmart says it can “successfully block the vast majority”  of these ‘scalbots.’ ",0.8455,0.063,0.675,0.262
2020-12-10,"HechoRelevante Operan hoy ex-dividend: Walmart $WMT ($0.54 / 1.45%), Automatic Data Proc $ADP ($0.93 / 2.09%), Newmont Corp $NEM ($0.40 / 1.63%), Williams $WMB ($0.40 / 7.24%), Telus $TU ($0.23 / 4.48%)",0.0,0.0,1.0,0.0
2020-12-10,"HechoRelevante Operan hoy ex-dividend: Walmart $WMT ($0.54 / 1.45%), Automatic Data Proc $ADP ($0.93 / 2.09%), Newmont Corp $NEM ($0.40 / 1.63%), Williams $WMB ($0.40 / 7.24%), Telus $TU ($0.23 / 4.48%)",0.0,0.0,1.0,0.0
2020-12-10,"HechoRelevante Operan hoy ex-dividend: Walmart $WMT ($0.54 / 1.45%), Automatic Data Proc $ADP ($0.93 / 2.09%), Newmont Corp $NEM ($0.40 / 1.63%), Williams $WMB ($0.40 / 7.24%), Telus $TU ($0.23 / 4.48%)",0.0,0.0,1.0,0.0
2020-12-10, $IPOC CloverHealth &amp; $WMT partnership is already live.  💪   _Calls gonna be…,0.0,0.0,1.0,0.0
2020-12-10,"Walmart Inc (WMT) price at close, 2020-12-09, is 148.27.",0.0,0.0,1.0,0.0
2020-12-10,"Walmart $WMT, Automatic Data Processing $ADP &amp; 100 Stocks Go Ex-Dividend. Check dividend Calendar, dividends History &amp; Chart, FA &amp; TA Score, Unusual Options Activity StockMarket DividendInvesting investing investors Trade OptionsTrading trading  ",0.0,0.0,1.0,0.0
2020-12-10," Consumers get excited to go broke saving money, Investors can benefit from the huge sales numbers of black FridayHer…",0.5994,0.11,0.588,0.302
2020-12-09,Walmart possibly to get a boost from the TBD stimulus package as consumers go out to spend their checks on necessities and where better than walmart and amazon? Moderately bullish on $WMT with PT of $155 eoy.,0.743,0.0,0.819,0.181
2020-12-09,"$STPK - Customers include many Fortune 100 heavy weights including Amazon $AMZN, $UPS, Walmart $WMT, Apple $AAPL, Facebook $FB, Alphabet $GOOG, Home Depot $HD, etc. imo Click below image, look at Stem compared to Tesla $TSLA 😍 ",0.1779,0.0,0.952,0.048
2020-12-09, Here's how the largest stocks are performing todayApple $AAPL -1.71%Microsoft $MSFT -1.151%Amazon $AMZN -1.91%Alphab…,0.0,0.0,1.0,0.0
2020-12-09,Here's how the largest stocks are performing todayApple $AAPL -1.71%Microsoft $MSFT -1.151%Amazon $AMZN -1.91%Alphabet $GOOG -1.35%Facebook $FB -1.9%Alibaba $BABA -0.88%Tesla $TSLA -6.58%Berkshire $BRK.B -0.6%Taiwan Semi $TSM -1.52%Visa $V -1.34%Walmart $WMT -0.86%,0.0,0.0,1.0,0.0
2020-12-09,"Highest sales in billions among stocks $SPX $SPY1. 🇺🇸 WALMART INC. $WMT: 548.742. 🇺🇸 , INC. $AMZN: 347.943. 🇺🇸 APPLE INC. $AAPL: 274.514. 🇺🇸 CVS HEALTH CORPORATI. $CVS: 266.045. 🇺🇸 UNITEDHEALTH GROUP I. $UNH: 251.09",0.0,0.0,1.0,0.0
2020-12-09, $PLUG  $WMT  $AMZN,0.0,0.0,1.0,0.0
2020-12-09,$PLUG  $WMT  $AMZN,0.0,0.0,1.0,0.0
2020-12-09, $WMT 1-pagerThe US retail giant has had a lot of tailwinds recently and is executing well on e-commerce and taking page…,0.2732,0.0,0.9,0.1
2020-12-09,$WMT 1-pagerThe US retail giant has had a lot of tailwinds recently and is executing well on e-commerce and taking pages from $AMZN (Walmart +) to remain competitive and relevant.Another stock with a recent price run-up ,0.4215,0.0,0.894,0.106
2020-12-09, Walmart has continued to attract more downloads and user sessions than its biggest ecommerce competitor in Amazon.…,0.3612,0.0,0.865,0.135
2020-12-09, Walmart has continued to attract more downloads and user sessions than its biggest ecommerce competitor in Amazon.…,0.3612,0.0,0.865,0.135
2020-12-09,Walmart has continued to attract more downloads and user sessions than its biggest ecommerce competitor in Amazon.More data:  MachineLearning ArtificialIntelligence IoT PPP Shopping Apparel Stocks Vote $BBY $GPS $HD $WMT $AMZN ,0.3612,0.0,0.923,0.077
2020-12-09,"[DLBN] OFFICIALS IN ITHACA, NY WARN THAT HOME DEPOT &amp; WMT WORKERS TESTED POSITIVE FOR COVID &amp; “worked during their infectious period...there is the potential that they infected people who were in the store.” Special ‘bonus’ for big box shoppers.[ALNORMAN] ",0.4019,0.11,0.744,0.145
2020-12-09," PlayStation 5, Xbox Seekers Are Losing Out To 'Scalper Bot' On Walmart, Facebook Marketplace $MSFT $SNE $WMT $FB…",-0.3818,0.133,0.867,0.0
2020-12-09,"PlayStation 5, Xbox Seekers Are Losing Out To 'Scalper Bot' On Walmart, Facebook MarketplaceRelated Tickers: $AMZN $BBY $EBAY $FB $MSFT $NKE $SNE $WMTRead more at: ",-0.3818,0.098,0.902,0.0
2020-12-09,"PlayStation 5, Xbox Seekers Are Losing Out To 'Scalper Bot' On Walmart, Facebook Marketplace $SNE $MSFT $EBAY $AMZN $WMT ",-0.3818,0.126,0.874,0.0
2020-12-09,"PlayStation 5, Xbox Seekers Are Losing Out To 'Scalper Bot' On Walmart, Facebook Marketplace. $SNE, $MSFT, $EBAY, $AMZN, $WMT, $FB, $BBY | Benzinga",-0.3818,0.11,0.89,0.0
2020-12-09," PlayStation 5, Xbox Seekers Are Losing Out To 'Scalper Bot' On Walmart, Facebook Marketplace $MSFT $SNE $WMT $FB…",-0.3818,0.133,0.867,0.0
2020-12-09," PlayStation 5, Xbox Seekers Are Losing Out To 'Scalper Bot' On Walmart, Facebook Marketplace $MSFT $SNE $WMT $FB…",-0.3818,0.133,0.867,0.0
2020-12-09,"PlayStation 5, Xbox Seekers Are Losing Out To 'Scalper Bot' On Walmart, Facebook Marketplace $MSFT $SNE $WMT $FB",-0.3818,0.133,0.867,0.0
2020-12-09," Walmart Inc (WMT) price at close, 2020-12-08, is 149.45.",0.0,0.0,1.0,0.0
2020-12-09,"✅ $WMT: ""Walmart"" mentioned during Oil-Dri Corporation of America earnings event ",0.0,0.0,1.0,0.0
2020-12-09,"Walmart Inc. ($WMT) Will Trade Ex-Dividend Tomorrow, December 10, 2020 ",0.0,0.0,1.0,0.0
2020-12-09,India’s State-Regulated Digital Payments Network Is Dominated by $GOOGL $GOOG and Walmart $WMT  StockMarket ,0.0,0.0,1.0,0.0
2020-12-09,$WMT - You can now buy an at-home coronavirus test from Walmart's website for as little as $99 ,0.0,0.0,1.0,0.0
2020-12-09,Financials of Walmart WMT $WMT ,0.0,0.0,1.0,0.0
2020-12-09,"Walmart Inc (WMT) price at close, 2020-12-08, is 149.45.",0.0,0.0,1.0,0.0
2020-12-09, Here's how the largest stocks performed todayApple $AAPL +0.51%Microsoft $MSFT +0.8%Amazon $AMZN +0.61%Alphabet $GOO…,0.0,0.0,1.0,0.0
2020-12-09, Here's how the largest stocks performed todayApple $AAPL +0.51%Microsoft $MSFT +0.8%Amazon $AMZN +0.61%Alphabet $GOO…,0.0,0.0,1.0,0.0
2020-12-09,Here's how the largest stocks performed todayApple $AAPL +0.51%Microsoft $MSFT +0.8%Amazon $AMZN +0.61%Alphabet $GOOG -0.05%Facebook $FB -0.76%Alibaba $BABA +0.79%Tesla $TSLA +1.27%Berkshire $BRK.B -0.46%Taiwan Semi $TSM -0.7%Visa $V +0.06%Walmart $WMT +0.9%,0.0,0.0,1.0,0.0
2020-12-08,  all I can find is this one. The rest are on Amazon and wish and stuff unfortunately :^/,-0.0516,0.209,0.591,0.2
2020-12-08,swinging $HD $PFE $WMT . like the price for home depot and Walmart,0.3612,0.0,0.815,0.185
2020-12-08," $STPK - Customers include many Fortune 100 heavy weights including Amazon $AMZN, $UPS, Walmart $WMT, Apple $AAPL, Face…",0.1779,0.0,0.904,0.096
2020-12-08," $STPK - Customers include many Fortune 100 heavy weights including Amazon $AMZN, $UPS, Walmart $WMT, Apple $AAPL, Face…",0.1779,0.0,0.904,0.096
2020-12-08,"$AMZN Amazon (AMZN) and Walmart (WMT) are two of the biggest companies in the United States, each dominating a seg… ",0.3182,0.097,0.705,0.198
2020-12-08," $STPK - Customers include many Fortune 100 heavy weights including Amazon $AMZN, $UPS, Walmart $WMT, Apple $AAPL, Face…",0.1779,0.0,0.904,0.096
2020-12-08,"$STPK - Customers include many Fortune 100 heavy weights including Amazon $AMZN, $UPS, Walmart $WMT, Apple $AAPL, Facebook $FB, Alphabet $GOOG, Home Depot $HD, etc. imo Click below image, look at Stem compared to Tesla $TSLA 😍 ",0.1779,0.0,0.952,0.048
2020-12-08, $IPOC CloverHealth &amp; $WMT partnership is already live.  💪   _Calls gonna be…,0.0,0.0,1.0,0.0
2020-12-08,"Retail giants like Walmart $WMT, Target $TGT, and Kroger $KR have been looking to expand their online advertisement regime for higher profits previously but they got a boost with the onset of the pandemic.walmart target ",0.7845,0.0,0.771,0.229
2020-12-08,Best performing mega-cap stocks ($200B+ MKT Cap) so far todayAT&amp;T $TPfizer $PFE$JNJMicrosoft $MSFTMerck $MRKWalmart $WMTTesla $TSLANike $NKECoca-Cola $KOApple $AAPLAlibaba $BABAToyota $TM$PGUnitedHealth $UNHVerizon $VZIntel $INTCAdobe $ADBEDisney $DIS$JPM,0.6369,0.0,0.856,0.144
2020-12-08, $IPOC CloverHealth &amp; $WMT partnership is already live.  💪   _Calls gonna be…,0.0,0.0,1.0,0.0
2020-12-08, $IPOC CloverHealth &amp; $WMT partnership is already live.  💪   _Calls gonna be…,0.0,0.0,1.0,0.0
2020-12-08, $IPOC CloverHealth &amp; $WMT partnership is already live.  💪   _Calls gonna be…,0.0,0.0,1.0,0.0
2020-12-08, $IPOC CloverHealth &amp; $WMT partnership is already live.  💪   _Calls gonna be…,0.0,0.0,1.0,0.0
2020-12-08,Here's how the largest stocks are performing todayApple $AAPL -0.21%Microsoft $MSFT +0.3%Amazon $AMZN -0.67%Alphabet $GOOG -0.3%Facebook $FB -0.47%Alibaba $BABA +0.7%Tesla $TSLA -2.68%Berkshire $BRK.B -0.4%Taiwan Semi $TSM -0.28%Visa $V +0.01%Walmart $WMT +0.75%,0.0,0.0,1.0,0.0
2020-12-08,Walmart has been good to us! $TGT $XLP $COST $M $BBY $DDS $XRT $XLY $AMZN $SHOP $FB $TWTR $AAPL $KSS $UVXY $VIX $SPY $SPX our dip buy yesterday $WMT worked nicely form $147.47 closed at $148.97. Subscribe and trade with us at   ,0.7263,0.0,0.868,0.132
2020-12-08,"Walmart (WMT) plans a public listing of a minority stake in its Japanese supermarket unit Seiyu, but added that it plans to keep a majority stake in the business. No time frame for a listing was given.",-0.4215,0.08,0.92,0.0
2020-12-08,Options Flow Grid Update $WMT OptionsTrading Walmart Shares 🔻0.11% to $147.94 OptionsFlow stocks stock StockMarket investing Investment ://t.co/Do8llQnma1 ,0.296,0.0,0.885,0.115
2020-12-08, $IPOC CloverHealth &amp; $WMT partnership is already live.  💪   _Calls gonna be…,0.0,0.0,1.0,0.0
2020-12-08, $IPOC CloverHealth &amp; $WMT partnership is already live.  💪   _Calls gonna be…,0.0,0.0,1.0,0.0
2020-12-08, $IPOC CloverHealth &amp; $WMT partnership is already live.  💪   _Calls gonna be…,0.0,0.0,1.0,0.0
2020-12-08, Most active stocks in today's pre-market tradingTesla $TSLAPfizer $PFEAmerican $AALApple $AAPL$GEVirgin Galactic $…,0.4576,0.0,0.8,0.2
2020-12-08, $IPOC CloverHealth &amp; $WMT partnership is already live.  💪   _Calls gonna be…,0.0,0.0,1.0,0.0
2020-12-08, $IPOC CloverHealth &amp; $WMT partnership is already live.  💪   _Calls gonna be…,0.0,0.0,1.0,0.0
2020-12-08, $IPOC CloverHealth &amp; $WMT partnership is already live.  💪   _Calls gonna be…,0.0,0.0,1.0,0.0
2020-12-08, Most active stocks in today's pre-market tradingTesla $TSLAPfizer $PFEAmerican $AALApple $AAPL$GEVirgin Galactic $…,0.4576,0.0,0.8,0.2
2020-12-08,Most active stocks in today's pre-market tradingTesla $TSLAPfizer $PFEAmerican $AALApple $AAPL$GEVirgin Galactic $SPCESirius XM $SIRICarnival $CCLTiffany $TIFGeneral Motors $GMModerna $MRNANetflix $NFLXMerck $MRKMonster $MNSTBoeing $BA$PG$NCLHWalmart $WMT$JNJ,0.4576,0.0,0.889,0.111
2020-12-08, $IPOC CloverHealth &amp; $WMT partnership is already live.  💪   _Calls gonna be…,0.0,0.0,1.0,0.0
2020-12-08, $IPOC CloverHealth &amp; $WMT partnership is already live.  💪   _Calls gonna be…,0.0,0.0,1.0,0.0
2020-12-08,why tf am I in Walmart calls fuck WMT,-0.5423,0.333,0.667,0.0
2020-12-08, $IPOC CloverHealth &amp; $WMT partnership is already live.  💪   _Calls gonna be…,0.0,0.0,1.0,0.0
2020-12-08, $IPOC CloverHealth &amp; $WMT partnership is already live.  💪   _Calls gonna be…,0.0,0.0,1.0,0.0
2020-12-08, $IPOC CloverHealth &amp; $WMT partnership is already live.  💪   _Calls gonna be…,0.0,0.0,1.0,0.0
2020-12-08, $IPOC CloverHealth &amp; $WMT partnership is already live.  💪   _Calls gonna be…,0.0,0.0,1.0,0.0
2020-12-08, $IPOC CloverHealth &amp; $WMT partnership is already live.  💪   _Calls gonna be…,0.0,0.0,1.0,0.0
2020-12-08, $IPOC CloverHealth &amp; $WMT partnership is already live.  💪   _Calls gonna be…,0.0,0.0,1.0,0.0
2020-12-08, $IPOC CloverHealth &amp; $WMT partnership is already live.  💪   _Calls gonna be…,0.0,0.0,1.0,0.0
2020-12-08, $IPOC CloverHealth &amp; $WMT partnership is already live.  💪   _Calls gonna be…,0.0,0.0,1.0,0.0
2020-12-08, $IPOC CloverHealth &amp; $WMT partnership is already live.  💪   _Calls gonna be…,0.0,0.0,1.0,0.0
2020-12-08, This happened back in October 😩 that’s the problem with Walmart. They don’t have a CEO that promotes and markets the brand. Anytime they come out it’s to say something stupid instead of talking up just how aggressively they’re chasing growth and succeeding $wmt,-0.0516,0.16,0.684,0.156
2020-12-08, $IPOC CloverHealth &amp; $WMT partnership is already live.  💪   _Calls gonna be…,0.0,0.0,1.0,0.0
2020-12-08, $IPOC CloverHealth &amp; $WMT partnership is already live.  💪   _Calls gonna be…,0.0,0.0,1.0,0.0
2020-12-08,[DLBN] ECON. DEVEL. AGENCY IN KANSAS GIVES WALMART $1.9 M IN CASH INCENTIVES TO BUILD A 1.8 M  S.F. DISTRIB. CENTER—because WMT doesn’t have enough money to build projects on its own. When will officials stop the welfare train for billionaires?[ALNORMAN] ,0.2103,0.053,0.873,0.074
2020-12-08, $IPOC CloverHealth &amp; $WMT partnership is already live.  💪   _Calls gonna be…,0.0,0.0,1.0,0.0
2020-12-08,$IPOC + $WMT +  = $$$$://t.co/peneFVBNHL,0.0,0.0,1.0,0.0
2020-12-08,ECONOMIC DEVELOPMENT AGENCY IN KANSAS GIVES WALMART $1.9 M IN CASH INCENTIVES TO BUILD A 1.8 M  S.F. DISTRIB. CENTER—because WMT doesn’t have enough money to build projects on its own. When will officials stop the welfare train for billionaires?  ,0.2103,0.055,0.87,0.075
2020-12-08, $IPOC CloverHealth &amp; $WMT partnership is already live.  💪   _Calls gonna be…,0.0,0.0,1.0,0.0
2020-12-08, $IPOC CloverHealth &amp; $WMT partnership is already live.  💪   _Calls gonna be…,0.0,0.0,1.0,0.0
2020-12-08,$IPOC CloverHealth &amp; $WMT partnership is already live. 👀👀,0.0,0.0,1.0,0.0
2020-12-08,RT _: Want paid every month? Jan - Pepsi PEPFeb - Apple AAPL March - JNJ JNJApril - Genuine Parts Co GPCMay - Lowe’s L…,0.0772,0.0,0.936,0.064
2020-12-08, $IPOC CloverHealth &amp; $WMT partnership is already live.  💪   _Calls gonna be…,0.0,0.0,1.0,0.0
2020-12-08, $IPOC CloverHealth &amp; $WMT partnership is already live.  💪   _Calls gonna be…,0.0,0.0,1.0,0.0
2020-12-08, $IPOC CloverHealth &amp; $WMT partnership is already live.  💪   _Calls gonna be…,0.0,0.0,1.0,0.0
2020-12-08, $IPOC CloverHealth &amp; $WMT partnership is already live.  💪   _Calls gonna be…,0.0,0.0,1.0,0.0
2020-12-08, $IPOC CloverHealth &amp; $WMT partnership is already live.  💪   _Calls gonna be…,0.0,0.0,1.0,0.0
2020-12-08, $IPOC CloverHealth &amp; $WMT partnership is already live.  💪   _Calls gonna be…,0.0,0.0,1.0,0.0
2020-12-08, $IPOC CloverHealth &amp; $WMT partnership is already live.  💪   _Calls gonna be…,0.0,0.0,1.0,0.0
2020-12-08," The tech IPO market is white-hot right now, and Amazon ( $AMZN ) continues investing heavily in its Indian operations.All…",0.1779,0.0,0.909,0.091
2020-12-08, $IPOC CloverHealth &amp; $WMT partnership is already live.  💪   _Calls gonna be…,0.0,0.0,1.0,0.0
2020-12-08, $IPOC CloverHealth &amp; $WMT partnership is already live.  💪   _Calls gonna be…,0.0,0.0,1.0,0.0
2020-12-08, $IPOC CloverHealth &amp; $WMT partnership is already live.  💪   _Calls gonna be…,0.0,0.0,1.0,0.0
2020-12-08, $IPOC CloverHealth &amp; $WMT partnership is already live.  💪   _Calls gonna be…,0.0,0.0,1.0,0.0
2020-12-08, $IPOC CloverHealth &amp; $WMT partnership is already live.  💪   _Calls gonna be…,0.0,0.0,1.0,0.0
2020-12-08,$IPOC CloverHealth &amp; $WMT partnership is already live.  💪   _Calls gonna be a banger! ,0.0,0.0,1.0,0.0
2020-12-08,Good luck finding a PlayStation 5: Walmart and other retailers battle ‘bots’ snatching up hot products. $GME $WMT $TGT ,0.5106,0.111,0.638,0.251
2020-12-08,Walmart’s Reported Flipkart IPO Plans Make Sense Amid Fight With Amazon - TheStreet ⁦⁩ ⁦⁩ ⁦⁩ ⁦⁩ Sounds like a interesting move for WMT ...  Gang  ,0.5106,0.088,0.678,0.234
2020-12-08,Good luck finding a PlayStation 5: Walmart and other retailers battle ‘bots' snatching up hot products $WMTAll the details 👇 ,0.5106,0.111,0.638,0.251
2020-12-08,Good luck finding a PlayStation 5: Walmart and other retailers battle ‘bots’ snatching up hot products $WMT $GME ,0.5106,0.116,0.622,0.262
2020-12-08,INSIGHT-Good luck finding a PlayStation 5: Walmart and other retailers battle ‘bots’ snatching up hot products $WMT $GME ,0.1027,0.126,0.728,0.146
2020-12-08, Check this out Clover Health (merging with $IPOC) is working with Walmart ( $WMT ),0.0,0.0,1.0,0.0
2020-12-08, The best investment trick ever:Let's say you buy a $400 TV from WalmartMake it a point to invest 2x the cost of th…,0.6124,0.049,0.779,0.172
2020-12-08,$IPOC $WMT anyone else see the Walmart partnership? This should absolutely sky rocket.,0.0,0.0,1.0,0.0
2020-12-08, Check this out Clover Health (merging with $IPOC) is working with Walmart ( $WMT ),0.0,0.0,1.0,0.0
2020-12-08,Check this out Clover Health (merging with $IPOC) is working with Walmart ( $WMT ),0.0,0.0,1.0,0.0
2020-12-08,$IPOC Man health workerLab coatWoman health workerpartnership with Walmart $trne $ipob $ipoe $ipof $snpr $inaq $pmvc $fvac $obln $kodk $gmda $onct $gtec $kbnt $fate $plg $wmt $gvp $cvs $wdlf $cbdd $itp $sanp $bssp $mara $sbe $abb $plug $twou $gp $qell $thcb $nio $apty $kulr ,0.0,0.0,1.0,0.0
2020-12-08,Walmart said to be exploring Flipkart IPO $WMT ,0.0,0.0,1.0,0.0
2020-12-08,Tesla's valuation is almost bigger that Walmart and Netflix COMBINED!!I'd love to hear from Tesla bulls how to justify that!$TSLA $WMT $NFLX $TSLAQ,0.7249,0.0,0.813,0.187
2020-12-08, Current market caps of the largest stocksApple $AAPL $2.1TMicrosoft $MSFT $1.62TAmazon $AMZN $1.6TAlphabet $GOOG $1.…,0.0,0.0,1.0,0.0
2020-12-08,Current market caps of the largest stocksApple $AAPL $2.1TMicrosoft $MSFT $1.62TAmazon $AMZN $1.6TAlphabet $GOOG $1.3TFacebook $FB $820BAlibaba $BABA $713BTesla $TSLA $603BBerkshire $BRK.B $557BTaiwan Semi $TSM $464BVisa $V $444BWalmart $WMT $420B$JNJ $389B,0.0,0.0,1.0,0.0
2020-12-08, Market CapTelsa $TSLA $609BBerkshire $BRKA $536BWalmart $WMT $417BJohnson and Johnson $JNJ $392BVisa $V $514BProcto…,0.0,0.0,1.0,0.0
2020-12-08, Market CapTelsa $TSLA $609BBerkshire $BRKA $536BWalmart $WMT $417BJohnson and Johnson $JNJ $392BVisa $V $514BProcto…,0.0,0.0,1.0,0.0
2020-12-08, Market CapTelsa $TSLA $609BBerkshire $BRKA $536BWalmart $WMT $417BJohnson and Johnson $JNJ $392BVisa $V $514BProcto…,0.0,0.0,1.0,0.0
2020-12-08, Worst performing mega cap ($200B+ MKT cap) stocks from todayIntel $INTC -3.43%Coca-Cola $KO -1.6%Alibaba $BABA -1.22%…,-0.6249,0.215,0.785,0.0
2020-12-08,Worst performing mega cap ($200B+ MKT cap) stocks from todayIntel $INTC -3.43%Coca-Cola $KO -1.6%Alibaba $BABA -1.22%Berkshire $BKR.B -1%Mastercard $MA -0.98%Johnson &amp; Johnson $JNJ -0.87%BofA $BAC -0.68%UnitedHealth $UNH -0.58%Walmart $WMT -0.54%Home Depot $HD -0.51%,-0.6249,0.114,0.886,0.0
2020-12-08,"Walmart Inc (WMT) price at close, 2020-12-07, is 148.11.",0.0,0.0,1.0,0.0
2020-12-08,$WMT the power of patience. Waited for a few weeks now for this dip on Walmart. Hoping it continues to sell off a few more points to allow us a second entry to lower our cost basis.  ,0.4144,0.058,0.812,0.13
2020-12-08,Christmas decorations courtesy of my favorite stock and store. What else would you want? $WMT  🤩 ,0.7003,0.0,0.638,0.362
2020-12-08,$IPOC 👨‍⚕️🥼👩‍⚕️partnership with Walmart $trne $ipob $ipoe $ipof $snpr $inaq $pmvc $fvac $obln $kodk $gmda $onct $gtec $kbnt $fate $plg $wmt $gvp $cvs $wdlf $cbdd $itp $sanp $bssp $mara $sbe $abb $plug $twou $gp $qell $thcb $nio $apty $kulr ,0.0,0.0,1.0,0.0
2020-12-07,Market CapTelsa $TSLA $609BBerkshire $BRKA $536BWalmart $WMT $417BJohnson and Johnson $JNJ $392BVisa $V $514BProctor and Gamble $PG $340BHome Depot $282BDisney $DIS $277BNike $217Bvia ,0.0,0.0,1.0,0.0
2020-12-07,RT _Investor: A few VERY nice blue-chip companies with their ex-dividend dates this week. Remember you have to buy BEFORE the ex-divid…,0.5894,0.0,0.839,0.161
2020-12-07, Market CapTelsa $TSLA $609BBerkshire $BRKA $536BWalmart $WMT $417BJohnson and Johnson $JNJ $392BVisa $V $514BProcto…,0.0,0.0,1.0,0.0
2020-12-07, Market CapTelsa $TSLA $609BBerkshire $BRKA $536BWalmart $WMT $417BJohnson and Johnson $JNJ $392BVisa $V $514BProcto…,0.0,0.0,1.0,0.0
2020-12-07, How the largest stocks performed todayApple $AAPL +1.23%Microsoft $MSFT -0.03%Amazon $AMZN -0.14%Alphabet $GOOG -0.4…,0.0,0.0,1.0,0.0
2020-12-07,How the largest stocks performed todayApple $AAPL +1.23%Microsoft $MSFT -0.03%Amazon $AMZN -0.14%Alphabet $GOOG -0.47%Facebook $FB +2.1%Alibaba $BABA -1.22%Tesla $TSLA +7.13%Berkshire $BRK.B -0.91%Taiwan Semi $TSM +2.56%Visa $V -0.01%Walmart $WMT -0.54%$JNJ -0.87%,0.0,0.0,1.0,0.0
2020-12-07, Market CapTelsa $TSLA $609BBerkshire $BRKA $536BWalmart $WMT $417BJohnson and Johnson $JNJ $392BVisa $V $514BProcto…,0.0,0.0,1.0,0.0
2020-12-07,A few VERY nice blue-chip companies with their ex-dividend dates this week. Remember you have to buy BEFORE the ex-dividend date to receive the payment.ADP and Walmart are a couple of my favs!😊$ADP $WMT $FDX ,0.6271,0.0,0.886,0.114
2020-12-07, Market CapTelsa $TSLA $609BBerkshire $BRKA $536BWalmart $WMT $417BJohnson and Johnson $JNJ $392BVisa $V $514BProcto…,0.0,0.0,1.0,0.0
2020-12-07, Market CapTelsa $TSLA $609BBerkshire $BRKA $536BWalmart $WMT $417BJohnson and Johnson $JNJ $392BVisa $V $514BProcto…,0.0,0.0,1.0,0.0
2020-12-07, Market CapTelsa $TSLA $609BBerkshire $BRKA $536BWalmart $WMT $417BJohnson and Johnson $JNJ $392BVisa $V $514BProcto…,0.0,0.0,1.0,0.0
2020-12-07,RT _: Want paid every month? Jan - Pepsi PEPFeb - Apple AAPL March - JNJ JNJApril - Genuine Parts Co GPCMay - Lowe’s L…,0.0772,0.0,0.936,0.064
2020-12-07,   Net income Q3Telsa $TSLA $331MBerkshire $BRKA $30.14BWalmart $WMT $5.14BJohnson and…,0.0,0.0,1.0,0.0
2020-12-07, Market CapTelsa $TSLA $609BBerkshire $BRKA $536BWalmart $WMT $417BJohnson and Johnson $JNJ $392BVisa $V $514BProcto…,0.0,0.0,1.0,0.0
2020-12-07,Want paid every month? Jan - Pepsi PEPFeb - Apple AAPL March - JNJ JNJApril - Genuine Parts Co GPCMay - Lowe’s LOWJune - Bank of America BACJuly - Nike NKEAug - Clorox CLXSep - Chevron CVXOct - Walmart WMTNov - Verizon VZDec - IBM IBM,0.0772,0.0,0.962,0.038
2020-12-07,$TSLA market cap now about to pass up Walmart and Disney combined.  Combined!This is laughable.$DIS and $WMT!$spy,0.0,0.0,1.0,0.0
2020-12-07,"$WMT  has made some great strides in competing against $AMZN this year. I want to watch and see if Walmart overextends themselves too much on their growth opportunities before I go all in, but I don't have any reason to doubt one of America's best companies. tyi",0.8338,0.06,0.699,0.241
2020-12-07," The tech IPO market is white-hot right now, and Amazon ( $AMZN ) continues investing heavily in its Indian operations.All…",0.1779,0.0,0.909,0.091
2020-12-07,"The tech IPO market is white-hot right now, and Amazon ( $AMZN ) continues investing heavily in its Indian operations.All of that gives Walmart ( $WMT ) a strong incentive to do an IPO for its Flipkart unit.",0.7579,0.0,0.8,0.2
2020-12-07,Walmart's Reported Flipkart IPO Plans Make Sense Amid Fight With Amazon -  $WMT investing fintech blockchain,-0.2263,0.15,0.751,0.098
2020-12-07,$WMT WALMART  - 1H: WALMART INC. is part of a very strong bearish trend. Traders may consider trading only short positions (for sale) as long as the price remains well... ,0.5563,0.0,0.883,0.117
2020-12-07,$WMT WALMART - 1H: WALMART INC. is part of a very strong bearish trend. Traders may consider trading only short positions (for sale) as long as the price remains well... ,0.5563,0.0,0.883,0.117
2020-12-07,Walmart Plus: Everything you need to know about the grocery delivery service; Here's what Walmart offers in exchange for the $98 annual fee -c/net  Walmart WMT stockstowatch stocks,0.0,0.0,1.0,0.0
2020-12-07,$WMT - Walmart said to be exploring Flipkart IPO ,0.0,0.0,1.0,0.0
2020-12-07,"Non-Investing news:- A dog was missing for weeks. Then it wandered into Walmart and found its owner working at the register.$WMT is a 10S10X10Y Co. for Twenty30 Save Invest Repeat MondayMotivation mondaythoughts June Rountree, right, reunited with her dog Abby. ",0.25,0.053,0.87,0.077
2020-12-07,Walmart said to be exploring Flipkart IPO (NYSE:WMT) | Seeking Alpha ,0.0,0.0,1.0,0.0
2020-12-07,Options Flow Grid Update $WMT OptionsTrading Walmart Shares 🔻0.51% to $148.15 OptionsFlow stocks stock StockMarket investing Investment ://t.co/H4reD3EiFp ,0.296,0.0,0.885,0.115
2020-12-07,"Walmart Inc. (NYSE:WMT) Major Shareholder Sells $27,621,756.36 in Stock ",0.0,0.0,1.0,0.0
2020-12-07,Here's how the largest stocks have performed so far todayApple $AAPL +1.75%Microsoft $MSFT +0.2%Amazon $AMZN +0.06%Alphabet $GOOG -0.07%Facebook $FB +2.2%Alibaba $BABA -1.37%Tesla $TSLA +3.75%Berkshire $BRK.B -0.85%Taiwan Semi $TSM +2.5%Visa $V +0.5%Walmart $WMT -0.6%,0.0,0.0,1.0,0.0
2020-12-07,Here's what investors need to know about Flipkart as $WMT prepares it for an IPO. ,0.0,0.0,1.0,0.0
2020-12-07,$WMT - Walmart said to be exploring Flipkart IPO ,0.0,0.0,1.0,0.0
2020-12-07,"Walmart (NYSE:WMT) is prepping for an U.S. IPO of Flipkart, according to a report from Mint.""Work on the IPO (initial public offering) is on in full swing and the advent of the pandemic has only hastened the process, given the spectacular surge in demand on e-commerce platforms",-0.128,0.032,0.968,0.0
2020-12-07,Walmart said to be exploring Flipkart IPO (NYSE:WMT) | Seeking Alpha ,0.0,0.0,1.0,0.0
2020-12-07, Walmart readies for $10 bn Flipkart IPO $WMT ,0.0,0.0,1.0,0.0
2020-12-07, Walmart readies for $10 bn Flipkart IPO $WMT ,0.0,0.0,1.0,0.0
2020-12-07,$wmt should list in $qqq Flipkart is as big as $baba $jd ,0.0,0.0,1.0,0.0
2020-12-07, Walmart readies for $10 bn Flipkart IPO $WMT ,0.0,0.0,1.0,0.0
2020-12-07,$JMIA journey since IPO has been fun.  Its time now for India retail. Flipkart IPO $WMT  _Rock  ,0.5106,0.0,0.829,0.171
2020-12-07, Walmart readies for $10 bn Flipkart IPO $WMT ,0.0,0.0,1.0,0.0
2020-12-07, Walmart readies for $10 bn Flipkart IPO $WMT ,0.0,0.0,1.0,0.0
2020-12-07,Walmart said to be exploring Flipkart IPO. $WMT  ,0.0,0.0,1.0,0.0
2020-12-07,Walmart readies for $10 bn Flipkart IPO $WMT ,0.0,0.0,1.0,0.0
2020-12-07,Walmart $WMT is reportedly preparing for a U.S IPO of its majority-owned India based e-commerce platform Flipkart according to the Mint and Bloomberg reportsThe Flipkart IPO could bring in as much as $10B at a valuation around $40B,0.0,0.0,1.0,0.0
2020-12-07,$WMT (+0.1% pre) Walmart readies for $10 bn Flipkart IPO - Mint,0.0,0.0,1.0,0.0
2020-12-07,$WMT - Walmart said to be exploring Flipkart IPO,0.0,0.0,1.0,0.0
2020-12-07,$WMT - Walmart said to be exploring Flipkart IPO ,0.0,0.0,1.0,0.0
2020-12-07,"Walmart explores U.S. IPO for Flipkart, Mint reports$WMT",0.0,0.0,1.0,0.0
2020-12-07,UPDATED ANALYSIS:$WMT Walmart (Dividend Aristocrat)Intrinsic Value Analysis: dividend aristocrat consumer defensive valueinvesting investing stocks AAAMPortfolios ,0.3612,0.0,0.788,0.212
2020-12-07," Walmart Inc (WMT) price at close, 2020-12-04, is 148.91.",0.0,0.0,1.0,0.0
2020-12-07," Walmart Inc (WMT) price at close, 2020-12-03, is 149.3.",0.0,0.0,1.0,0.0
2020-12-07,"$WMT enters a Downtrend because Momentum Indicator dropped below the 0 level on December 4, 2020. View odds for this and other indicators:  Walmart stockmarket stock technicalanalysis money trading investing daytrading news today ",0.0,0.0,1.0,0.0
2020-12-07," Exactly - local  still has max 780 limit, which I don't have a problem with, but why lockdown the small businesses…",0.1603,0.0,0.913,0.087
2020-12-07,"Walmart (WMT) Offers Bonuses, Supports Workers Amid Pandemic ",0.7269,0.0,0.496,0.504
2020-12-07,$wmt should be 200 now Flipkart ipo now @ 50 billion $ $gs is underwriter ,0.0,0.0,1.0,0.0
2020-12-07,"After reporting third-quarter earnings in November, you might be wondering if you should buy Walmart stock. Here are a few points to consider.  ",0.0,0.0,1.0,0.0
2020-12-07,"Exactly - local  still has max 780 limit, which I don't have a problem with, but why lockdown the small businesses? Why limit an ENTIRE ICE RINK to 10 kids?Logic, where art thou?Ontario $WMT $AMZN Canada  ",0.289,0.0,0.937,0.063
2020-12-07," They did this twice today. They somehow make the store disappear from BS, the inventory is not on the walmart app, and THEN they offer to scan - not before then. They think they playing us but bro like we're not dumb. My clerk guy in uniondale - ur name been emailed to wmt.",0.7752,0.025,0.833,0.142
2020-12-07,"$WMT to sell 25% of Flipkart via IPO for 10 billion $ $GSWalmart Inc. has hired Goldman Sachs to explore an initial share sale of its Flipkart unit in the US to raise around $10 billion, two people directly aware of the development said. ",0.296,0.0,0.95,0.05
2020-12-07," Walmart $WMT, FedEx $FDX &amp; 200 Stocks Go Ex-Dividend Next Week. Check dividend Calendar, dividends History &amp; Chart,…",0.0,0.0,1.0,0.0
2020-12-07,$WMT posible pullback al soporte 146.5 y retome las subidas. Objetivo 👉  157.4 👈$SPX $SPY Walmart ,0.0,0.0,1.0,0.0
2020-12-06,"I don't wear a mask. while I was at $WMT walmart I passed a group of 4 people who said to each other ""look at this covidiot"" at the same exact time, in the same tone of voice, like pod-people. bizarre AF. I was more taken aback by it than offended. Just fucking bizarre. ",-0.4767,0.127,0.825,0.048
2020-12-06,Top US Shopping Apps for Black Friday 20201⃣ saw the greatest adoption with 131K installs2⃣ was 2nd with 106K3⃣ 's Shop (launched this year) was 3rd with 81K  and  round out the top 5$WMT $AMZN $SHOP $TGT $BBY $NKE $EBAY $ETSY ,0.7783,0.0,0.83,0.17
2020-12-06,"After reporting third-quarter earnings in November, you might be wondering if you should buy Walmart stock. Here are a few points to consider.  ",0.0,0.0,1.0,0.0
2020-12-06,Walmart Shopping Deals - Live Now gifts guide deals coupons offers shop blackfriday cybermonday holidays forhim forher forthem kids $aapl $wmt $bby $t $wkhs $amzn $ups $fdx ,0.3818,0.0,0.906,0.094
2020-12-06," We hear you, Chris. Do you and your sister know about our Grocery Delivery service? You can order from home and have it delivered to your door. Here's a link to Walmart Grocery. Just enter your Zip Code in the ""Change"" spot to check availability. ",0.0,0.0,1.0,0.0
2020-12-06,"$63,330,016.21 of shares sold by Walton Jim C (10% Owner), reported in a new form 4 filed with the SEC  $WMT ",0.296,0.0,0.885,0.115
2020-12-06,"$WMT enters a Downtrend as Momentum Indicator dropped below the 0 level on December 4, 2020. View odds for this and other indicators:  Walmart stockmarket stock technicalanalysis money trading investing daytrading news today ",0.0,0.0,1.0,0.0
2020-12-06,"Walmart (WMT) Offers Bonuses, Supports Workers Amid Pandemic ",0.7269,0.0,0.496,0.504
2020-12-06,"Walmart (WMT) Offers Bonuses, Supports Workers Amid Pandemic ",0.7269,0.0,0.496,0.504
2020-12-06,Is this THE toy for Christmas this year?  Already sold out on $WMT Walmart ,0.0,0.0,1.0,0.0
2020-12-06," $F Ford Motors, $WMT Walmart &amp; $AAPL Apple",0.0,0.0,1.0,0.0
2020-12-05,Nintendo Switch - Fortnite Wildcat Bundle - WalmartLimited Stock!!!! gifts guide deals coupons offers shop blackfriday cybermonday holidays forhim forher forthem kids $aapl $wmt $bby $t $wkhs $amzn $ups $fdx ,0.5815,0.0,0.878,0.122
2020-12-05, Walmart Plus no limit orders on dotcom purchasesno clue how $WMT can afford sending $2 product in a day with no delivery fee on $13 / month sub,-0.5267,0.155,0.845,0.0
2020-12-05,_Hart I've been ordering from Walmart more. Better selection and prices on staples than Amazon. I also bought a bit of $WMT in my personal portfolio.,0.5984,0.0,0.818,0.182
2020-12-05," We can help next time, Farah. Do you know about Grocery Pickup and Delivery service? You can order, and schedule a pickup time or have it delivered. Here's a link to Walmart Grocery. Just enter your Zip Code in the ""Change"" spot to check availability. ",0.4019,0.0,0.94,0.06
2020-12-05," We know lines can be discouraging. Do you know about our Grocery Pickup and Delivery service? You can order from home, and schedule a pickup time or have it delivered. Here's a link to Walmart Grocery. Just enter your Zip Code to check availability. ",-0.4404,0.066,0.934,0.0
2020-12-05,"RT _10000: $MCOA consists of the best management team I've ever found of any company, one person in particular will turn every compa…",0.6369,0.0,0.84,0.16
2020-12-05,"RT _10000: $MCOA consists of the best management team I've ever found of any company, one person in particular will turn every compa…",0.6369,0.0,0.84,0.16
2020-12-05," We want to help, Jennifer. Do you know about Grocery Pickup and Delivery service? You can order from home, and schedule a pickup time or have it delivered. Here's a link for you. Just enter your Zip Code in the ""Change"" spot to check availability. ",0.4588,0.0,0.911,0.089
2020-12-05,How to Trade: Long Term Investing Plans for Walmart Inc $WMT Updated 12520  Click for Details ,0.0,0.0,1.0,0.0
2020-12-05," Waiting in line can be frustrating, Zakiya! Do you know about our Grocery Pickup and Delivery? You can choose a pickup time, or we'll deliver them. Here's a link to Walmart Grocery. Just enter your Zip Code in the ""Change"" spot to check availability. ",-0.4926,0.072,0.928,0.0
2020-12-05,"$MCOA consists of the best management team I've ever found of any company, one person in particular will turn every company he is involved with into a mini WALMART $wmt or mini AMAZON $amzn he is a beast to turn a company from nothing into MEGA   ",0.7672,0.0,0.861,0.139
2020-12-05,Upcoming Dividend Alert For WMT - Walmart Inc.Ex-Div Date: 2020-12-10Dividend Amount: 0.54dividend stocks $WMTVisit Custom Stock Alerts ,0.296,0.0,0.872,0.128
2020-12-05,$WMT Monthly Check-In:5 Year outlook: Bullish- Cutting into Amazon's market share- Has a strategic advantage: brick and mortar network already utilized- Walmart +Sell? - When hits price target2025 price target - 250 ,0.4019,0.047,0.82,0.132
2020-12-05,"_pooh085 Hey, Jenny! Stay inside, and let us do your shopping!  💙 💛",0.0,0.0,1.0,0.0
2020-12-05,"$WMT enters a Downtrend as Momentum Indicator dropped below the 0 level on December 4, 2020. View odds for this and other indicators:  Walmart stockmarket stock technicalanalysis money trading investing daytrading news today ",0.0,0.0,1.0,0.0
2020-12-05," We can't help with the cooking, Acórea, but we deliver! Let us do the shopping for you.  👍",-0.2313,0.107,0.893,0.0
2020-12-05,"Walmart (WMT) Offers Bonuses, Supports Workers Amid Pandemic ",0.7269,0.0,0.496,0.504
2020-12-05,"Walmart Director S Robson Walton Sells $35,710,578.51 in $WMT ",0.0,0.0,1.0,0.0
2020-12-05,"Walmart Major Shareholder Alice Walton Sells $27,621,756.36 in $WMT ",0.0,0.0,1.0,0.0
2020-12-05,"2/ Walmart $WMT, $TJX and Family Dollar were three of the top 11 companies by total return so it isn't surprising to see another high volume retailer in the 16 spot. Ken Langone put together financing for Home Depot and his book, I Love Capitalism, gives us some background.",0.6023,0.039,0.848,0.113
2020-12-05,"When Walmart+ was launched, it was a defensive move to protect the bottom line. Now  $WMT has scrapped shipping min. &amp; is flexing its store fleet. Can it compete w/  $AMZ? Can WalmartPlus recast $WMT business &amp; register a greater multiple?",0.7236,0.0,0.813,0.187
2020-12-05,Largest U.S stocks by market cap (in order)Apple $AAPLMicrosoft $MSFTAmazon $AMZNAlphabet $GOOGFacebook $FBBerkshire $BRK.BTesla $TSLAVisa $VWalmart $WMT$JNJJPMorgan $JPMMastercard $MA$PGNvidia $NVDAUnitedHealth $UNHDisney $DISHome Depot $HDPayPal $PYPL$VZ,0.0,0.0,1.0,0.0
2020-12-05,$WMT $AMZN reliance It's going to be a 3-way fight for India's $1 trillion retail market  ,-0.3818,0.157,0.843,0.0
2020-12-05,Walmart dropping the minimum order requirement on Walmart+ shows me that; 1) unit economics have improved significantly due to improved economies of scale 2)  they believe less friction during the peak holiday shopping window will improve utilization (and signups). $WMT,0.8957,0.0,0.753,0.247
2020-12-05,$WMT:New Insider Filing on Walmart Inc.'s10%+ OwnerWALTON S ROBSON:,0.0,0.0,1.0,0.0
2020-12-05,"After reporting third-quarter earnings in November, you might be wondering if you should buy Walmart stock. Here are a few points to consider.  ",0.0,0.0,1.0,0.0
2020-12-05,$WMT  Walmart Inc. The current setup estimates the price of this stock has a neutral short term outlook with a flat long term setup Investing Equity trade,0.0,0.0,1.0,0.0
2020-12-05,$WMT:New Insider Filing on Walmart Inc.'s10%+ OwnerWALTON JIM C:,0.0,0.0,1.0,0.0
2020-12-05, Best and worst performing Dow Jones stocks from todayBest:1 Caterpillar $CAT2 Chevron $CVX3 Intel $INTC4 $DOW5 Sal…,0.0258,0.176,0.644,0.18
2020-12-05,Here's how the largest stocks performed this past weekApple $AAPL +4.85%Microsoft $MSFT -0.4%Amazon $AMZN -1.03%Alphabet $GOOG +1.94%Facebook $FB +0.68%Alibaba $BABA -3.34%Berkshire $BRK.B -0.09%Tesla $TSLA +2.27%Taiwan Semi $TSM +5.05%Visa $V +0.8%Walmart $WMT -1.77%,0.0,0.0,1.0,0.0
2020-12-05,"50 Firms going Ex-Dividend next week, including Ameren, Traveler's and Walmart $CNQ $DKS $FAF $FDX $G $HPQ $NEM $OXY $TRV $WMT $BTG $PE ",0.0,0.0,1.0,0.0
2020-12-05,"Walmart Inc (WMT) price at close, 2020-12-04, is 148.91.",0.0,0.0,1.0,0.0
2020-12-05,"Walmart $WMT, FedEx $FDX &amp; 200 Stocks Go Ex-Dividend Next Week. Check dividend Calendar, dividends History &amp; Chart, FA &amp; TA Score, Unusual Options Activity StockMarket DividendInvesting investing Investment trading stockstobuy OptionsTrading  ",0.0,0.0,1.0,0.0
2020-12-05,"$63,330,016.21 of shares sold by Walton Alice L (10% Owner), reported in a new form 4 filed with the SEC  $WMT ",0.296,0.0,0.885,0.115
2020-12-05,"$63,330,016.21 of shares sold by Walton S Robson (Director), reported in a new form 4 filed with the SEC  $WMT ",0.296,0.0,0.879,0.121
2020-12-04,$WMT:New Insider Filing on Walmart Inc.'s10%+ OwnerWALTON ALICE L:,0.0,0.0,1.0,0.0
2020-12-04,"FWSells $WMT WALTON ALICE L, 10%-owner of Walmart Inc. sold 422,487 shares on 2020-12-03. ",0.296,0.0,0.855,0.145
2020-12-04,"FWSells $WMT WALTON S ROBSON, 10%-owner,Director of Walmart Inc. sold 422,487 shares on 2020-12-03. ",0.296,0.0,0.845,0.155
2020-12-04,"FWSells $WMT WALTON JIM C, 10%-owner of Walmart Inc. sold 422,487 shares on 2020-12-03. ",0.296,0.0,0.855,0.145
2020-12-04,"Walmart (WMT) Offers Bonuses, Supports Workers Amid Pandemic ",0.7269,0.0,0.496,0.504
2020-12-04,"$WMT enters an Uptrend because Momentum Indicator exceeded the 0 level on November 6, 2020. View odds for this and other indicators:  Walmart stockmarket stock technicalanalysis money trading investing daytrading news today ",0.0,0.0,1.0,0.0
2020-12-04,"'Halftime Report' Traders Weigh In On JPMorgan, Walmart And MoreRelated Tickers: $ET $JPM $MRVL $WMTRead more at: ",0.0,0.0,1.0,0.0
2020-12-04,"New article: ""Walmart Inc. (WMT) Closes 0.81% Down on the Day for December 03"" has been published on Fintech Zoom -   Fintech Blockchain Crypto Cryptocurrency ICO ",0.0,0.0,1.0,0.0
2020-12-04,"Walmart (WMT) Offers Bonuses, Supports Workers Amid Pandemic  ",0.7269,0.0,0.496,0.504
2020-12-04,Best Buy Shopping Deals - Live Now Shopping Deals - Live Now gifts guide deals coupons offers shop blackfriday cybermonday holidays forhim forher forthem kids $aapl $wmt $bby $t $wkhs $amzn $ups $fdx ,0.7783,0.0,0.81,0.19
2020-12-04, Year to Date performance of the largest stocksApple $AAPL +67.46%Microsoft $MSFT +35.85Amazon $AMZN +72.46%Alphabet…,0.0,0.0,1.0,0.0
2020-12-04, Year to Date performance of the largest stocksApple $AAPL +67.46%Microsoft $MSFT +35.85Amazon $AMZN +72.46%Alphabet…,0.0,0.0,1.0,0.0
2020-12-04," WALMART FILES FOR DEBT SHELF, SIZE NOT DISCLOSED - SEC FILING$WMT",-0.3612,0.217,0.783,0.0
2020-12-04, Walmart $WMT filing for that debt shelf today may be the reason for it moving lower today,-0.5719,0.239,0.761,0.0
2020-12-04,Best and worst performing Dow Jones stocks from todayBest:1 Caterpillar $CAT2 Chevron $CVX3 Intel $INTC4 $DOW5 Salesforce $CRM6 $IBM7 American Express $AXPWorst:1 Boeing $BA2 Walmart $WMT3 $PG4 Home Depot $HD5 Apple $AAPL6 Verizon $VZ7 Microsoft $MSFT,0.0258,0.097,0.804,0.099
2020-12-04,"Walmart+ $WMT Subscriptions Up 4 Times in a Month, Bull Case Back in Play - Morgan Stanley",0.34,0.0,0.844,0.156
2020-12-04," when you are out of work, and you get a stimulus check, you shop at Walmart.   My wife wont go to WMT. I do (I buy branded package consumer goods that are same no matter whether bought a Whole Foods or Wal... ",-0.2732,0.055,0.918,0.027
2020-12-04,"Walmart Owned Flipkart Spins Out $5.5 Billion PhonePe into Separate EntityFlipkart, the Indian e-commerce behemoth Walmart, Inc. purchased a controlling stake of in 2018 for $16 Billion, has announced it will spin off its highly successful finte... $WMT ",0.624,0.0,0.898,0.102
2020-12-04," WALMART FILES FOR DEBT SHELF, SIZE NOT DISCLOSED - SEC FILING$WMT",-0.3612,0.217,0.783,0.0
2020-12-04,How the largest stocks have performed so far todayApple $AAPL -1.06%Microsoft $MSFT +0.05%Amazon $AMZN -0.4%Alphabet $GOOG -0.26%Facebook $FB -0.32%Alibaba $BABA +0.37%Berkshire $BRK.B +0.05%Tesla $TSLA +0.21%Taiwan Semi $TSM +2.5%Visa $V +0.75%Walmart $WMT -0.77%,0.0,0.0,1.0,0.0
2020-12-04, Just today Salesforce $CRM and Walmart $WMT filed mixed shelves to sell debt or equity in the future,-0.3612,0.128,0.872,0.0
2020-12-04,"WALMART FILES FOR DEBT SHELF, SIZE NOT DISCLOSED - SEC FILING$WMT",-0.3612,0.217,0.783,0.0
2020-12-04,"$KR   $WMT     $AMZN     $COST    Kroger, other retailers see 'eye-popping profits' as workers reap little benefit  via ",0.6815,0.0,0.714,0.286
2020-12-04," WALMART FILES FOR DEBT SHELF, SIZE NOT DISCLOSED - SEC FILING$WMT",-0.3612,0.217,0.783,0.0
2020-12-04,*WALMART FILES DEBT SECURITIES SHELF $WMT,-0.0772,0.287,0.46,0.253
2020-12-04," WALMART FILES FOR DEBT SHELF, SIZE NOT DISCLOSED - SEC FILING$WMT",-0.3612,0.217,0.783,0.0
2020-12-04,"Walmart Files For Debt Shelf; Size Not Disclosed (NYSE:WMT)Following this news from the company, stock is up in pre-market (0.27%).$WMT",-0.3612,0.116,0.884,0.0
2020-12-04," For those who dont know what a debt shelf is:Under a debt shelf, Walmart $WMT has registered a certain amount of debt (size not disclosed) that they may sell within the next 3 year to the secondary market in any size, price or other terms the company wants",0.7529,0.0,0.826,0.174
2020-12-04," WALMART FILES FOR DEBT SHELF, SIZE NOT DISCLOSED - SEC FILING$WMT",-0.3612,0.217,0.783,0.0
2020-12-04,$WMT Form S-3ASR - filed by Walmart Inc. ,0.0,0.0,1.0,0.0
2020-12-04,Walmart Files For Debt Shelf; Size Not Disclosed $WMT ,-0.3612,0.238,0.762,0.0
2020-12-04," WALMART FILES FOR DEBT SHELF, SIZE NOT DISCLOSED - SEC FILING$WMT",-0.3612,0.217,0.783,0.0
2020-12-04," WALMART FILES FOR DEBT SHELF, SIZE NOT DISCLOSED - SEC FILING$WMT",-0.3612,0.217,0.783,0.0
2020-12-04," WALMART FILES FOR DEBT SHELF, SIZE NOT DISCLOSED - SEC FILING$WMT",-0.3612,0.217,0.783,0.0
2020-12-04,"WALMART FILES FOR DEBT SHELF, SIZE NOT DISCLOSED - SEC FILING$WMT",-0.3612,0.217,0.783,0.0
2020-12-04,"WALMART FILES FOR DEBT SHELF, SIZE NOT DISCLOSED - SEC FILING$WMT",-0.3612,0.217,0.783,0.0
2020-12-04,$WMT / Walmart files form S-3ASR ,0.0,0.0,1.0,0.0
2020-12-04,We're Gonna Make It Covid19 Vaccine StayAtHome SocialDistancing Tech BigTech SocialMedia Etsy Ebay StockX Gaming VideoGames Twitch OnlineGaming VideoGames NextGen PS5 XboxSeriesX Pfitzer Moderna $PFE $MRNA $UPS $FDX $WMT Walmart WalmartHealth Freezers $IPOC,-0.0258,0.033,0.967,0.0
2020-12-04,Walmart gifts its workers again  $WMT,0.0,0.0,1.0,0.0
2020-12-04,Walmart surges as earnings report shows its ecommerce business nearly doubled amid coronavirus (WMT) | Top News Region ,0.2023,0.0,0.899,0.101
2020-12-04, Year to Date performance of the largest stocksApple $AAPL +67.46%Microsoft $MSFT +35.85Amazon $AMZN +72.46%Alphabet…,0.0,0.0,1.0,0.0
2020-12-04," Great earnings. Also, $700 million employee employee performance bonus announced yesterday. Happy employees making Walmart an ever improving shopping experience. Private seller programs getting ramped up to compete better w/amzn. Bullish WMT.",0.9517,0.0,0.614,0.386
2020-12-04,"✅ $WMT: ""Walmart"" mentioned during Central Garden &amp; Pet Co ""Central Garden &amp; Pet Co Virtual Investor Day"" event ",0.0,0.0,1.0,0.0
2020-12-04,"✅ $WMT: ""Walmart"" mentioned during Central Garden &amp; Pet Co ""Central Garden &amp; Pet Co Virtual Investor Day"" event ",0.0,0.0,1.0,0.0
2020-12-04, Walmart to Pay Out $700 Million in Bonuses to Employees  stocks $WMT ,0.4939,0.093,0.667,0.24
2020-12-04, Year to Date performance of the largest stocksApple $AAPL +67.46%Microsoft $MSFT +35.85Amazon $AMZN +72.46%Alphabet…,0.0,0.0,1.0,0.0
2020-12-04,True or falseWalmart is wealthier than Ireland 🇮🇪 $wmt,0.7184,0.0,0.538,0.462
2020-12-04,Year to Date performance of the largest stocksApple $AAPL +67.46%Microsoft $MSFT +35.85Amazon $AMZN +72.46%Alphabet $GOOG +36.63%Facebook $FB +37.3%Alibaba $BABA +25.84%Berkshire $BRK.B +2%Tesla $TSLA +609.22%Taiwan Semi $TSM +71.26%Visa $V +10.72%Walmart $WMT +25.63%,0.0,0.0,1.0,0.0
2020-12-04,Here how the largest stocks performed on ThursdayApple $AAPL -0.11%Microsoft $MSFT -0.52%Amazon $AMZN -0.52%Alphabet $GOOG -0.06%Facebook $FB -1.97%Alibaba $BABA +2.14%Berkshire $BRK.B +0.26%Tesla $TSLA +4.32%Taiwan Semi $TSM -0.04%Visa $V -1.01%Walmart $WMT -0.81%,0.0,0.0,1.0,0.0
2020-12-04,Walmart announces 4th round of cash bonuses for employees wmt ,0.5574,0.0,0.714,0.286
2020-12-04,"Walmart to Pay Out $700 Million in Bonuses to EmployeesWalmart (NYSE: WMT) is planning to share its good fortune with employees, announcing Thursday it will be paying out over $700 million in bonuses to its U.S. workers. ",0.8979,0.031,0.7,0.269
2020-12-04,"✅ $WMT: ""Walmart"" mentioned during Capital Power Corporation ""Capital Power Corp Investor Day"" event ",0.0,0.0,1.0,0.0
2020-12-04,Walmart to Pay Out $700 Million in Bonuses to Employees  stocks $WMT ,0.4939,0.093,0.667,0.24
2020-12-04,"Walmart Inc (WMT) price at close, 2020-12-03, is 149.3.",0.0,0.0,1.0,0.0
